peak_id,chrom,start,end,nearest_gene,in_blacklist,blacklist_reason,source
chr11:17405115-17405614,chr11,17405115,17405614,KCNJ11,False,,top50_shortlist
chr3:185216514-185217013,chr3,185216514,185217013,MIR5588,False,,top50_shortlist
chr5:38783310-38783809,chr5,38783310,38783809,OSMR-AS1,False,,top50_shortlist
chr5:36569527-36570026,chr5,36569527,36570026,SLC1A3,False,,top50_shortlist
chr6:158481480-158481979,chr6,158481480,158481979,TMEM181,False,,top50_shortlist
chr5:38796426-38796925,chr5,38796426,38796925,OSMR-AS1,False,,top50_shortlist
chr5:14157006-14157505,chr5,14157006,14157505,TRIO,False,,top50_shortlist
chr3:132135945-132136444,chr3,132135945,132136444,CPNE4,False,,top50_shortlist
chr5:150036471-150036970,chr5,150036471,150036970,HMGXB3,False,,top50_shortlist
chr14:101001204-101001703,chr14,101001204,101001703,SNORD114-31,False,,top50_shortlist
chr6:25193184-25193683,chr6,25193184,25193683,CMAHP,False,,top50_shortlist
chr16:70714761-70715260,chr16,70714761,70715260,MTSS2,False,,top50_shortlist
chrX:153381490-153381989,chrX,153381490,153381989,PNMA6E,False,,top50_shortlist
chr9:84284351-84284850,chr9,84284351,84284850,SLC28A3,False,,top50_shortlist
chr1:204057279-204057778,chr1,204057279,204057778,SOX13,False,,top50_shortlist
chr5:136279006-136279505,chr5,136279006,136279505,TRPC7-AS2,False,,top50_shortlist
chrX:153744307-153744806,chrX,153744307,153744806,PLXNB3,False,,top50_shortlist
chr18:3622302-3622801,chr18,3622302,3622801,DLGAP1-AS2,False,,top50_shortlist
chr9:21576494-21576993,chr9,21576494,21576993,MIR31HG,False,,top50_shortlist
chr3:155572164-155572663,chr3,155572164,155572663,PLCH1-AS2,False,,top50_shortlist
chr9:127130806-127131305,chr9,127130806,127131305,ANGPTL2,False,,top50_shortlist
chr9:18490562-18491061,chr9,18490562,18491061,ADAMTSL1,False,,top50_shortlist
chr22:41636385-41636884,chr22,41636385,41636884,XRCC6,False,,top50_shortlist
chr6:21538410-21538909,chr6,21538410,21538909,LINC00581,False,,top50_shortlist
chr6:4974542-4975041,chr6,4974542,4975041,LYRM4-AS1,False,,top50_shortlist
chr11:94706189-94706688,chr11,94706189,94706688,LOC105369438,False,,top50_shortlist
chr20:4226127-4226626,chr20,4226127,4226626,ADRA1D,False,,top50_shortlist
chr20:46558452-46558951,chr20,46558452,46558951,OCSTAMP,False,,top50_shortlist
chr9:20558627-20559126,chr9,20558627,20559126,MIR4474,False,,top50_shortlist
chr18:3624813-3625312,chr18,3624813,3625312,DLGAP1-AS2,False,,top50_shortlist
chr1:100785401-100785900,chr1,100785401,100785900,VCAM1,False,,top50_shortlist
chr18:23115541-23116040,chr18,23115541,23116040,CABLES1,False,,top50_shortlist
chr5:31663318-31663817,chr5,31663318,31663817,PDZD2,False,,top50_shortlist
chr11:35180252-35180751,chr11,35180252,35180751,SNORD164,False,,top50_shortlist
chr5:14105773-14106272,chr5,14105773,14106272,TRIO,False,,top50_shortlist
chr5:74543052-74543551,chr5,74543052,74543551,LINC01331,False,,top50_shortlist
chr14:68779943-68780442,chr14,68779943,68780442,ZFP36L1,False,,top50_shortlist
chr5:136279524-136280023,chr5,136279524,136280023,TRPC7-AS2,False,,top50_shortlist
chr12:50247266-50247765,chr12,50247266,50247765,MIR1293,False,,top50_shortlist
chr14:61547139-61547638,chr14,61547139,61547638,FLJ22447,False,,top50_shortlist
chr14:77843090-77843589,chr14,77843090,77843589,ADCK1,False,,top50_shortlist
chr5:95720291-95720790,chr5,95720291,95720790,RHOBTB3,False,,top50_shortlist
chr1:205600058-205600557,chr1,205600058,205600557,MFSD4A-AS1,False,,top50_shortlist
chr16:83813811-83814310,chr16,83813811,83814310,HSBP1,False,,top50_shortlist
chr13:53191004-53191503,chr13,53191004,53191503,LINC01065,False,,top50_shortlist
chr9:88742386-88742885,chr9,88742386,88742885,MIR4289,False,,top50_shortlist
chr1:245085415-245085914,chr1,245085415,245085914,KIF26B,False,,top50_shortlist
chr1:12040526-12041025,chr1,12040526,12041025,MIR6729,False,,top50_shortlist
chr6:14165065-14165564,chr6,14165065,14165564,CD83,False,,top50_shortlist
chr19:2603301-2603800,chr19,2603301,2603800,MIR7850,False,,top50_shortlist
chr9:64700650-64701149,chr9,64700650,64701149,,True,High Signal Region,atlas_hit
chr2:110026300-110026799,chr2,110026300,110026799,,True,High Signal Region,atlas_hit
chr6:317851-318350,chr6,317851,318350,,True,High Signal Region,atlas_hit
chr4:49119276-49119775,chr4,49119276,49119775,,True,High Signal Region,atlas_hit
chr4:40305315-40305814,chr4,40305315,40305814,,True,High Signal Region,atlas_hit
chr6:38264966-38265465,chr6,38264966,38265465,,True,High Signal Region,atlas_hit
chr2:88800934-88801433,chr2,88800934,88801433,,True,High Signal Region,atlas_hit
chr2:96060229-96060728,chr2,96060229,96060728,,True,High Signal Region,atlas_hit
chr2:111428868-111429367,chr2,111428868,111429367,,True,Low Mappability,atlas_hit
chr5:34184480-34184979,chr5,34184480,34184979,,True,High Signal Region,atlas_hit
chr5:34221654-34222153,chr5,34221654,34222153,,True,High Signal Region,atlas_hit
chr9:67723559-67724058,chr9,67723559,67724058,,True,High Signal Region,atlas_hit
chr2:97220216-97220715,chr2,97220216,97220715,,True,High Signal Region,atlas_hit
chr3:196251355-196251854,chr3,196251355,196251854,,True,High Signal Region,atlas_hit
chr17:19187854-19188353,chr17,19187854,19188353,,True,High Signal Region,atlas_hit
chr10:41883816-41884315,chr10,41883816,41884315,,True,High Signal Region,atlas_hit
chr2:87455234-87455733,chr2,87455234,87455733,,True,High Signal Region,atlas_hit
chr2:87604164-87604663,chr2,87604164,87604663,,True,High Signal Region,atlas_hit
chr2:113371884-113372383,chr2,113371884,113372383,,True,High Signal Region,atlas_hit
chr7:100958006-100958505,chr7,100958006,100958505,,True,High Signal Region,atlas_hit
chr2:87636716-87637215,chr2,87636716,87637215,,True,High Signal Region,atlas_hit
chr18:2846780-2847279,chr18,2846780,2847279,,True,High Signal Region,atlas_hit
chrX:73005022-73005521,chrX,73005022,73005521,,True,High Signal Region,atlas_hit
chr3:122774188-122774687,chr3,122774188,122774687,,True,High Signal Region,atlas_hit
chr10:41899559-41900058,chr10,41899559,41900058,,True,High Signal Region,atlas_hit
chr6:44057886-44058385,chr6,44057886,44058385,,True,High Signal Region,atlas_hit
chr9:42397252-42397751,chr9,42397252,42397751,,True,High Signal Region,atlas_hit
chr6:60230153-60230652,chr6,60230153,60230652,,True,High Signal Region,atlas_hit
chrY:10912795-10913294,chrY,10912795,10913294,,True,High Signal Region,atlas_hit
chr7:102667486-102667985,chr7,102667486,102667985,,True,High Signal Region,atlas_hit
chr4:49097470-49097969,chr4,49097470,49097969,,True,High Signal Region,atlas_hit
chr3:97917907-97918406,chr3,97917907,97918406,,True,High Signal Region,atlas_hit
chr2:92006504-92007003,chr2,92006504,92007003,,True,High Signal Region,atlas_hit
chr5:181234310-181234809,chr5,181234310,181234809,,True,High Signal Region,atlas_hit
chr18:112274-112773,chr18,112274,112773,,True,High Signal Region,atlas_hit
chr15:21110304-21110803,chr15,21110304,21110803,,True,High Signal Region,atlas_hit
chr12:402637-403136,chr12,402637,403136,,True,High Signal Region,atlas_hit
chr3:97917242-97917741,chr3,97917242,97917741,,True,High Signal Region,atlas_hit
chr9:66337645-66338144,chr9,66337645,66338144,,True,High Signal Region,atlas_hit
chr2:87464178-87464677,chr2,87464178,87464677,,True,High Signal Region,atlas_hit
chr2:87455775-87456274,chr2,87455775,87456274,,True,High Signal Region,atlas_hit
chr2:97198072-97198571,chr2,97198072,97198571,,True,High Signal Region,atlas_hit
chr3:138594082-138594581,chr3,138594082,138594581,,True,High Signal Region,atlas_hit
chr6:44073843-44074342,chr6,44073843,44074342,,True,High Signal Region,atlas_hit
chr3:195990128-195990627,chr3,195990128,195990627,,True,High Signal Region,atlas_hit
chr11:61129695-61130194,chr11,61129695,61130194,,True,High Signal Region,atlas_hit
chrX:114709396-114709895,chrX,114709396,114709895,,True,High Signal Region,atlas_hit
chrX:129402937-129403436,chrX,129402937,129403436,,True,High Signal Region,atlas_hit
chr4:556427-556926,chr4,556427,556926,,True,High Signal Region,atlas_hit
chr5:181223288-181223787,chr5,181223288,181223787,,True,High Signal Region,atlas_hit
chr19:58558839-58559338,chr19,58558839,58559338,,True,High Signal Region,atlas_hit
chr2:111442794-111443293,chr2,111442794,111443293,,True,Low Mappability,atlas_hit
chr20:28830899-28831398,chr20,28830899,28831398,,True,High Signal Region,atlas_hit
chr14:23052219-23052718,chr14,23052219,23052718,,True,High Signal Region,atlas_hit
chr3:40228905-40229404,chr3,40228905,40229404,,True,High Signal Region,atlas_hit
chr2:89935586-89936085,chr2,89935586,89936085,,True,High Signal Region,atlas_hit
chr15:22240942-22241441,chr15,22240942,22241441,,True,High Signal Region,atlas_hit
chr3:80889622-80890121,chr3,80889622,80890121,,True,High Signal Region,atlas_hit
chrY:26671445-26671944,chrY,26671445,26671944,,True,High Signal Region,atlas_hit
chr22:18730422-18730921,chr22,18730422,18730921,,True,High Signal Region,atlas_hit
chr3:75642888-75643387,chr3,75642888,75643387,,True,High Signal Region,atlas_hit
chr17:21968601-21969100,chr17,21968601,21969100,,True,High Signal Region,atlas_hit
chr6:296154-296653,chr6,296154,296653,,True,High Signal Region,atlas_hit
chr14:23043878-23044377,chr14,23043878,23044377,,True,High Signal Region,atlas_hit
chr2:113532939-113533438,chr2,113532939,113533438,,True,High Signal Region,atlas_hit
chr2:109794347-109794846,chr2,109794347,109794846,,True,High Signal Region,atlas_hit
chr9:41790508-41791007,chr9,41790508,41791007,,True,Low Mappability,atlas_hit
chr15:20340872-20341371,chr15,20340872,20341371,,True,High Signal Region,atlas_hit
chr15:22264978-22265477,chr15,22264978,22265477,,True,High Signal Region,atlas_hit
chr5:181260897-181261396,chr5,181260897,181261396,,True,High Signal Region,atlas_hit
chr15:20671594-20672093,chr15,20671594,20672093,,True,High Signal Region,atlas_hit
chrX:109036604-109037103,chrX,109036604,109037103,,True,High Signal Region,atlas_hit
chr2:87341414-87341913,chr2,87341414,87341913,,True,High Signal Region,atlas_hit
chr2:130664467-130664966,chr2,130664467,130664966,,True,High Signal Region,atlas_hit
chr3:97918887-97919386,chr3,97918887,97919386,,True,High Signal Region,atlas_hit
chr9:41789346-41789845,chr9,41789346,41789845,,True,Low Mappability,atlas_hit
chr12:29795232-29795731,chr12,29795232,29795731,,True,High Signal Region,atlas_hit
chr2:113520705-113521204,chr2,113520705,113521204,,True,High Signal Region,atlas_hit
chr22:11212797-11213296,chr22,11212797,11213296,,True,High Signal Region,atlas_hit
chr5:94569565-94570064,chr5,94569565,94570064,,True,High Signal Region,atlas_hit
chr21:6154869-6155368,chr21,6154869,6155368,,True,High Signal Region,atlas_hit
chr3:133574159-133574658,chr3,133574159,133574658,,True,High Signal Region,atlas_hit
chr9:66827248-66827747,chr9,66827248,66827747,,True,High Signal Region,atlas_hit
chr2:111495621-111496120,chr2,111495621,111496120,,True,Low Mappability,atlas_hit
chr1:168348273-168348772,chr1,168348273,168348772,,True,High Signal Region,atlas_hit
chr4:119286326-119286825,chr4,119286326,119286825,,True,High Signal Region,atlas_hit
chr2:110619554-110620053,chr2,110619554,110620053,,True,Low Mappability,atlas_hit
chr5:49600258-49600757,chr5,49600258,49600757,,True,High Signal Region,atlas_hit
chr6:38268044-38268543,chr6,38268044,38268543,,True,High Signal Region,atlas_hit
chr6:327407-327906,chr6,327407,327906,,True,High Signal Region,atlas_hit
chr9:41273772-41274271,chr9,41273772,41274271,,True,High Signal Region,atlas_hit
chr2:132353400-132353899,chr2,132353400,132353899,,True,High Signal Region,atlas_hit
chr9:41034528-41035027,chr9,41034528,41035027,,True,High Signal Region,atlas_hit
chr3:138584614-138585113,chr3,138584614,138585113,,True,High Signal Region,atlas_hit
chr2:95991408-95991907,chr2,95991408,95991907,,True,High Signal Region,atlas_hit
chr4:49105177-49105676,chr4,49105177,49105676,,True,High Signal Region,atlas_hit
chr9:62865482-62865981,chr9,62865482,62865981,,True,High Signal Region,atlas_hit
chr10:42069890-42070389,chr10,42069890,42070389,,True,High Signal Region,atlas_hit
chr6:335564-336063,chr6,335564,336063,,True,High Signal Region,atlas_hit
chr20:28801645-28802144,chr20,28801645,28802144,,True,High Signal Region,atlas_hit
chr6:44074451-44074950,chr6,44074451,44074950,,True,High Signal Region,atlas_hit
chr7:102496821-102497320,chr7,102496821,102497320,,True,High Signal Region,atlas_hit
chrY:11322379-11322878,chrY,11322379,11322878,,True,High Signal Region,atlas_hit
chr14:19161296-19161795,chr14,19161296,19161795,,True,High Signal Region,atlas_hit
chr12:132238471-132238970,chr12,132238471,132238970,,True,High Signal Region,atlas_hit
chr7:152424633-152425132,chr7,152424633,152425132,,True,High Signal Region,atlas_hit
chr20:29262548-29263047,chr20,29262548,29263047,,True,High Signal Region,atlas_hit
chr17:21980144-21980643,chr17,21980144,21980643,,True,High Signal Region,atlas_hit
chr14:18666385-18666884,chr14,18666385,18666884,,True,High Signal Region,atlas_hit
chrY:11747452-11747951,chrY,11747452,11747951,,True,High Signal Region,atlas_hit
chrX:86062785-86063284,chrX,86062785,86063284,,True,High Signal Region,atlas_hit
chr2:95888968-95889467,chr2,95888968,95889467,,True,High Signal Region,atlas_hit
chr6:157323349-157323848,chr6,157323349,157323848,,True,High Signal Region,atlas_hit
chr15:20341845-20342344,chr15,20341845,20342344,,True,High Signal Region,atlas_hit
chr3:75669021-75669520,chr3,75669021,75669520,,True,High Signal Region,atlas_hit
chrX:153309660-153310159,chrX,153309660,153310159,,True,High Signal Region,atlas_hit
chr5:177646778-177647277,chr5,177646778,177647277,,True,High Signal Region,atlas_hit
chr9:40105935-40106434,chr9,40105935,40106434,,True,High Signal Region,atlas_hit
chr2:96009751-96010250,chr2,96009751,96010250,,True,High Signal Region,atlas_hit
chr3:49683066-49683565,chr3,49683066,49683565,,True,High Signal Region,atlas_hit
chr4:77994431-77994930,chr4,77994431,77994930,,True,High Signal Region,atlas_hit
chr9:66803965-66804464,chr9,66803965,66804464,,True,High Signal Region,atlas_hit
chr3:197604201-197604700,chr3,197604201,197604700,,True,High Signal Region,atlas_hit
chr6:26743146-26743645,chr6,26743146,26743645,,True,High Signal Region,atlas_hit
chr9:65676357-65676856,chr9,65676357,65676856,,True,High Signal Region,atlas_hit
chr9:39003862-39004361,chr9,39003862,39004361,,True,High Signal Region,atlas_hit
chrX:86046448-86046947,chrX,86046448,86046947,,True,High Signal Region,atlas_hit
chr3:133561616-133562115,chr3,133561616,133562115,,True,High Signal Region,atlas_hit
chr20:47894881-47895380,chr20,47894881,47895380,,True,High Signal Region,atlas_hit
chr3:195931242-195931741,chr3,195931242,195931741,,True,High Signal Region,atlas_hit
chr12:132226987-132227486,chr12,132226987,132227486,,True,High Signal Region,atlas_hit
chr15:32396470-32396969,chr15,32396470,32396969,,True,High Signal Region,atlas_hit
chr18:2848559-2849058,chr18,2848559,2849058,,True,High Signal Region,atlas_hit
chr17:21985126-21985625,chr17,21985126,21985625,,True,High Signal Region,atlas_hit
chr6:357794-358293,chr6,357794,358293,,True,High Signal Region,atlas_hit
chr2:97351795-97352294,chr2,97351795,97352294,,True,High Signal Region,atlas_hit
chr9:41035183-41035682,chr9,41035183,41035682,,True,High Signal Region,atlas_hit
chr5:71850697-71851196,chr5,71850697,71851196,,True,High Signal Region,atlas_hit
chr3:194324351-194324850,chr3,194324351,194324850,,True,High Signal Region,atlas_hit
chr3:97919431-97919930,chr3,97919431,97919930,,True,High Signal Region,atlas_hit
chr14:23094954-23095453,chr14,23094954,23095453,,True,High Signal Region,atlas_hit
chr15:22231660-22232159,chr15,22231660,22232159,,True,High Signal Region,atlas_hit
chr4:49635307-49635806,chr4,49635307,49635806,,True,High Signal Region,atlas_hit
chr18:2846231-2846730,chr18,2846231,2846730,,True,High Signal Region,atlas_hit
chr4:49091700-49092199,chr4,49091700,49092199,,True,High Signal Region,atlas_hit
chr2:111493618-111494117,chr2,111493618,111494117,,True,Low Mappability,atlas_hit
chr6:60239970-60240469,chr6,60239970,60240469,,True,High Signal Region,atlas_hit
chr5:34189745-34190244,chr5,34189745,34190244,,True,High Signal Region,atlas_hit
chr15:22263626-22264125,chr15,22263626,22264125,,True,High Signal Region,atlas_hit
chr4:40292437-40292936,chr4,40292437,40292936,,True,High Signal Region,atlas_hit
chr7:102671479-102671978,chr7,102671479,102671978,,True,High Signal Region,atlas_hit
chr3:101693515-101694014,chr3,101693515,101694014,,True,High Signal Region,atlas_hit
chr22:21417033-21417532,chr22,21417033,21417532,,True,High Signal Region,atlas_hit
chr5:175954042-175954541,chr5,175954042,175954541,,True,High Signal Region,atlas_hit
chr2:97181886-97182385,chr2,97181886,97182385,,True,High Signal Region,atlas_hit
chr21:10325008-10325507,chr21,10325008,10325507,,True,High Signal Region,atlas_hit
chr22:21445019-21445518,chr22,21445019,21445518,,True,High Signal Region,atlas_hit
chr3:38424607-38425106,chr3,38424607,38425106,,True,High Signal Region,atlas_hit
chr9:62799492-62799991,chr9,62799492,62799991,,True,High Signal Region,atlas_hit
chr6:360887-361386,chr6,360887,361386,,True,High Signal Region,atlas_hit
chr20:28871409-28871908,chr20,28871409,28871908,,True,High Signal Region,atlas_hit
chr9:76176094-76176593,chr9,76176094,76176593,,True,High Signal Region,atlas_hit
chr2:97200393-97200892,chr2,97200393,97200892,,True,High Signal Region,atlas_hit
chrX:74667858-74668357,chrX,74667858,74668357,,True,High Signal Region,atlas_hit
chrX:135745401-135745900,chrX,135745401,135745900,,True,High Signal Region,atlas_hit
chr12:124914410-124914909,chr12,124914410,124914909,,True,High Signal Region,atlas_hit
chr3:122416217-122416716,chr3,122416217,122416716,,True,High Signal Region,atlas_hit
chr2:111366270-111366769,chr2,111366270,111366769,,True,Low Mappability,atlas_hit
chr5:181256752-181257251,chr5,181256752,181257251,,True,High Signal Region,atlas_hit
chr2:96024223-96024722,chr2,96024223,96024722,,True,High Signal Region,atlas_hit
chr15:22436199-22436698,chr15,22436199,22436698,,True,High Signal Region,atlas_hit
chr7:234509-235008,chr7,234509,235008,,True,High Signal Region,atlas_hit
chr15:20193547-20194046,chr15,20193547,20194046,,True,High Signal Region,atlas_hit
chr12:29796765-29797264,chr12,29796765,29797264,,True,High Signal Region,atlas_hit
chr15:22130628-22131127,chr15,22130628,22131127,,True,High Signal Region,atlas_hit
chr6:38280446-38280945,chr6,38280446,38280945,,True,High Signal Region,atlas_hit
chr3:197030548-197031047,chr3,197030548,197031047,,True,High Signal Region,atlas_hit
chr9:68390907-68391406,chr9,68390907,68391406,,True,High Signal Region,atlas_hit
chr2:87657497-87657996,chr2,87657497,87657996,,True,High Signal Region,atlas_hit
chr11:28232617-28233116,chr11,28232617,28233116,,True,High Signal Region,atlas_hit
chr3:195931887-195932386,chr3,195931887,195932386,,True,High Signal Region,atlas_hit
chrY:11295363-11295862,chrY,11295363,11295862,,True,High Signal Region,atlas_hit
chrX:56760017-56760516,chrX,56760017,56760516,,True,Low Mappability,atlas_hit
chr2:87647660-87648159,chr2,87647660,87648159,,True,High Signal Region,atlas_hit
chr3:197630947-197631446,chr3,197630947,197631446,,True,High Signal Region,atlas_hit
chr4:146287682-146288181,chr4,146287682,146288181,,True,High Signal Region,atlas_hit
chr4:189232362-189232861,chr4,189232362,189232861,,True,High Signal Region,atlas_hit
chr2:95928228-95928727,chr2,95928228,95928727,,True,High Signal Region,atlas_hit
chr15:22221136-22221635,chr15,22221136,22221635,,True,High Signal Region,atlas_hit
chr9:61734993-61735492,chr9,61734993,61735492,,True,High Signal Region,atlas_hit
chr5:176080957-176081456,chr5,176080957,176081456,,True,High Signal Region,atlas_hit
chr9:65675452-65675951,chr9,65675452,65675951,,True,High Signal Region,atlas_hit
chr15:20207647-20208146,chr15,20207647,20208146,,True,High Signal Region,atlas_hit
chr9:62801194-62801693,chr9,62801194,62801693,,True,High Signal Region,atlas_hit
chr2:130692731-130693230,chr2,130692731,130693230,,True,High Signal Region,atlas_hit
chr14:23056086-23056585,chr14,23056086,23056585,,True,High Signal Region,atlas_hit
chr9:63323169-63323668,chr9,63323169,63323668,,True,High Signal Region,atlas_hit
chr15:30490550-30491049,chr15,30490550,30491049,,True,High Signal Region,atlas_hit
chrX:114710473-114710972,chrX,114710473,114710972,,True,High Signal Region,atlas_hit
chrY:11531217-11531716,chrY,11531217,11531716,,True,High Signal Region,atlas_hit
chr3:15601989-15602488,chr3,15601989,15602488,,True,High Signal Region,atlas_hit
chrY:11327438-11327937,chrY,11327438,11327937,,True,High Signal Region,atlas_hit
chr2:112438532-112439031,chr2,112438532,112439031,,True,Low Mappability,atlas_hit
chr19:58575133-58575632,chr19,58575133,58575632,,True,High Signal Region,atlas_hit
chr9:68343870-68344369,chr9,68343870,68344369,,True,High Signal Region,atlas_hit
chr15:20376811-20377310,chr15,20376811,20377310,,True,High Signal Region,atlas_hit
chr9:41087847-41088346,chr9,41087847,41088346,,True,High Signal Region,atlas_hit
chr3:122771155-122771654,chr3,122771155,122771654,,True,High Signal Region,atlas_hit
chr21:7258531-7259030,chr21,7258531,7259030,,True,High Signal Region,atlas_hit
chr5:34191259-34191758,chr5,34191259,34191758,,True,High Signal Region,atlas_hit
chr6:268309-268808,chr6,268309,268808,,True,High Signal Region,atlas_hit
chrY:11332962-11333461,chrY,11332962,11333461,,True,High Signal Region,atlas_hit
chr2:97197195-97197694,chr2,97197195,97197694,,True,High Signal Region,atlas_hit
chr2:96061835-96062334,chr2,96061835,96062334,,True,High Signal Region,atlas_hit
chr5:176005965-176006464,chr5,176005965,176006464,,True,High Signal Region,atlas_hit
chr15:20386559-20387058,chr15,20386559,20387058,,True,High Signal Region,atlas_hit
chr17:26879025-26879524,chr17,26879025,26879524,,True,High Signal Region,atlas_hit
chr5:181243276-181243775,chr5,181243276,181243775,,True,High Signal Region,atlas_hit
chr9:62878019-62878518,chr9,62878019,62878518,,True,High Signal Region,atlas_hit
chr3:90505110-90505609,chr3,90505110,90505609,,True,High Signal Region,atlas_hit
chr17:23016066-23016565,chr17,23016066,23016565,,True,High Signal Region,atlas_hit
chr6:157314665-157315164,chr6,157314665,157315164,,True,High Signal Region,atlas_hit
chr7:100965641-100966140,chr7,100965641,100966140,,True,High Signal Region,atlas_hit
chr15:20384578-20385077,chr15,20384578,20385077,,True,High Signal Region,atlas_hit
chrX:144423103-144423602,chrX,144423103,144423602,,True,Low Mappability,atlas_hit
chr6:44056744-44057243,chr6,44056744,44057243,,True,High Signal Region,atlas_hit
chr9:134174065-134174564,chr9,134174065,134174564,,True,High Signal Region,atlas_hit
chr6:366681-367180,chr6,366681,367180,,True,High Signal Region,atlas_hit
chr12:124916277-124916776,chr12,124916277,124916776,,True,High Signal Region,atlas_hit
chr3:122745343-122745842,chr3,122745343,122745842,,True,High Signal Region,atlas_hit
chrX:140722446-140722945,chrX,140722446,140722945,,True,High Signal Region,atlas_hit
chr15:22223057-22223556,chr15,22223057,22223556,,True,High Signal Region,atlas_hit
chr3:97910167-97910666,chr3,97910167,97910666,,True,High Signal Region,atlas_hit
chr9:40992407-40992906,chr9,40992407,40992906,,True,High Signal Region,atlas_hit
chr4:49147086-49147585,chr4,49147086,49147585,,True,High Signal Region,atlas_hit
chrY:11294695-11295194,chrY,11294695,11295194,,True,High Signal Region,atlas_hit
chr5:50145336-50145835,chr5,50145336,50145835,,True,High Signal Region,atlas_hit
chr6:44052410-44052909,chr6,44052410,44052909,,True,High Signal Region,atlas_hit
chr9:38927350-38927849,chr9,38927350,38927849,,True,High Signal Region,atlas_hit
chr11:61122509-61123008,chr11,61122509,61123008,,True,High Signal Region,atlas_hit
chr17:26854667-26855166,chr17,26854667,26855166,,True,High Signal Region,atlas_hit
chr14:35949771-35950270,chr14,35949771,35950270,,True,High Signal Region,atlas_hit
chr1:143254027-143254526,chr1,143254027,143254526,,True,High Signal Region,atlas_hit
chr3:122775423-122775922,chr3,122775423,122775922,,True,High Signal Region,atlas_hit
chr9:66269751-66270250,chr9,66269751,66270250,,True,High Signal Region,atlas_hit
chr9:62811747-62812246,chr9,62811747,62812246,,True,High Signal Region,atlas_hit
chr2:87315110-87315609,chr2,87315110,87315609,,True,High Signal Region,atlas_hit
chr2:87683520-87684019,chr2,87683520,87684019,,True,High Signal Region,atlas_hit
chr12:402037-402536,chr12,402037,402536,,True,High Signal Region,atlas_hit
chr9:40107172-40107671,chr9,40107172,40107671,,True,High Signal Region,atlas_hit
chr22:21443027-21443526,chr22,21443027,21443526,,True,High Signal Region,atlas_hit
chr1:585948-586447,chr1,585948,586447,,True,High Signal Region,atlas_hit
chr4:49102372-49102871,chr4,49102372,49102871,,True,High Signal Region,atlas_hit
chr2:113375238-113375737,chr2,113375238,113375737,,True,High Signal Region,atlas_hit
chr9:68335829-68336328,chr9,68335829,68336328,,True,High Signal Region,atlas_hit
chr3:195932388-195932887,chr3,195932388,195932887,,True,High Signal Region,atlas_hit
chr3:36992200-36992699,chr3,36992200,36992699,,True,High Signal Region,atlas_hit
chr2:113502867-113503366,chr2,113502867,113503366,,True,High Signal Region,atlas_hit
chr1:143246805-143247304,chr1,143246805,143247304,,True,High Signal Region,atlas_hit
chr2:87222098-87222597,chr2,87222098,87222597,,True,High Signal Region,atlas_hit
chr15:21111766-21112265,chr15,21111766,21112265,,True,High Signal Region,atlas_hit
chr6:38288211-38288710,chr6,38288211,38288710,,True,High Signal Region,atlas_hit
chr2:87584156-87584655,chr2,87584156,87584655,,True,High Signal Region,atlas_hit
chr7:229196-229695,chr7,229196,229695,,True,High Signal Region,atlas_hit
chr12:407415-407914,chr12,407415,407914,,True,High Signal Region,atlas_hit
chr2:132257154-132257653,chr2,132257154,132257653,,True,High Signal Region,atlas_hit
chr2:130693469-130693968,chr2,130693469,130693968,,True,High Signal Region,atlas_hit
chr2:97558837-97559336,chr2,97558837,97559336,,True,High Signal Region,atlas_hit
chr18:2857329-2857828,chr18,2857329,2857828,,True,High Signal Region,atlas_hit
chr3:97910783-97911282,chr3,97910783,97911282,,True,High Signal Region,atlas_hit
chr2:87076289-87076788,chr2,87076289,87076788,,True,Low Mappability,atlas_hit
chr6:51890423-51890922,chr6,51890423,51890922,,True,High Signal Region,atlas_hit
chr3:40225262-40225761,chr3,40225262,40225761,,True,High Signal Region,atlas_hit
chr12:29818784-29819283,chr12,29818784,29819283,,True,High Signal Region,atlas_hit
chr3:157089734-157090233,chr3,157089734,157090233,,True,High Signal Region,atlas_hit
chr21:43268384-43268883,chr21,43268384,43268883,,True,High Signal Region,atlas_hit
chr21:7753216-7753715,chr21,7753216,7753715,,True,High Signal Region,atlas_hit
chr3:133578531-133579030,chr3,133578531,133579030,,True,High Signal Region,atlas_hit
chr5:49665956-49666455,chr5,49665956,49666455,,True,High Signal Region,atlas_hit
chrY:26670253-26670752,chrY,26670253,26670752,,True,High Signal Region,atlas_hit
chr4:49650305-49650804,chr4,49650305,49650804,,True,High Signal Region,atlas_hit
chr10:38578772-38579271,chr10,38578772,38579271,,True,High Signal Region,atlas_hit
chr5:177671999-177672498,chr5,177671999,177672498,,True,High Signal Region,atlas_hit
chr9:40330329-40330828,chr9,40330329,40330828,,True,High Signal Region,atlas_hit
chr4:40307636-40308135,chr4,40307636,40308135,,True,High Signal Region,atlas_hit
chr2:87658952-87659451,chr2,87658952,87659451,,True,High Signal Region,atlas_hit
chr12:124927675-124928174,chr12,124927675,124928174,,True,High Signal Region,atlas_hit
chr6:298522-299021,chr6,298522,299021,,True,High Signal Region,atlas_hit
chr3:49680858-49681357,chr3,49680858,49681357,,True,High Signal Region,atlas_hit
chrY:10807039-10807538,chrY,10807039,10807538,,True,High Signal Region,atlas_hit
chr2:97355051-97355550,chr2,97355051,97355550,,True,High Signal Region,atlas_hit
chr20:31187002-31187501,chr20,31187002,31187501,,True,High Signal Region,atlas_hit
chr15:72685329-72685828,chr15,72685329,72685828,,True,High Signal Region,atlas_hit
chr21:10756876-10757375,chr21,10756876,10757375,,True,High Signal Region,atlas_hit
chr16:34592479-34592978,chr16,34592479,34592978,,True,High Signal Region,atlas_hit
chr7:102616479-102616978,chr7,102616479,102616978,,True,High Signal Region,atlas_hit
chr4:78005147-78005646,chr4,78005147,78005646,,True,High Signal Region,atlas_hit
chr5:176036357-176036856,chr5,176036357,176036856,,True,High Signal Region,atlas_hit
chr7:232281-232780,chr7,232281,232780,,True,High Signal Region,atlas_hit
chr3:157086407-157086906,chr3,157086407,157086906,,True,High Signal Region,atlas_hit
chr20:28603211-28603710,chr20,28603211,28603710,,True,High Signal Region,atlas_hit
chr11:189384-189883,chr11,189384,189883,,True,Low Mappability,atlas_hit
chr2:91576403-91576902,chr2,91576403,91576902,,True,High Signal Region,atlas_hit
chr4:49108153-49108652,chr4,49108153,49108652,,True,High Signal Region,atlas_hit
chr2:111262838-111263337,chr2,111262838,111263337,,True,Low Mappability,atlas_hit
chr10:41914706-41915205,chr10,41914706,41915205,,True,High Signal Region,atlas_hit
chr20:29088337-29088836,chr20,29088337,29088836,,True,High Signal Region,atlas_hit
chr9:66067192-66067691,chr9,66067192,66067691,,True,High Signal Region,atlas_hit
chr22:18892250-18892749,chr22,18892250,18892749,,True,High Signal Region,atlas_hit
chr10:41860702-41861201,chr10,41860702,41861201,,True,High Signal Region,atlas_hit
chr9:62800692-62801191,chr9,62800692,62801191,,True,High Signal Region,atlas_hit
chr15:23303573-23304072,chr15,23303573,23304072,,True,High Signal Region,atlas_hit
chr2:94209153-94209652,chr2,94209153,94209652,,True,High Signal Region,atlas_hit
chr20:28889586-28890085,chr20,28889586,28890085,,True,High Signal Region,atlas_hit
chr20:28562445-28562944,chr20,28562445,28562944,,True,High Signal Region,atlas_hit
chr2:113587159-113587658,chr2,113587159,113587658,,True,High Signal Region,atlas_hit
chrX:79773302-79773801,chrX,79773302,79773801,,True,High Signal Region,atlas_hit
chr6:372520-373019,chr6,372520,373019,,True,High Signal Region,atlas_hit
chr5:134926850-134927349,chr5,134926850,134927349,,True,High Signal Region,atlas_hit
chr9:41232469-41232968,chr9,41232469,41232968,,True,High Signal Region,atlas_hit
chr9:41126697-41127196,chr9,41126697,41127196,,True,High Signal Region,atlas_hit
chr3:39383080-39383579,chr3,39383080,39383579,,True,High Signal Region,atlas_hit
chr14:16092873-16093372,chr14,16092873,16093372,,True,High Signal Region,atlas_hit
chr9:41940499-41940998,chr9,41940499,41940998,,True,Low Mappability,atlas_hit
chr5:177641328-177641827,chr5,177641328,177641827,,True,High Signal Region,atlas_hit
chrY:11022686-11023185,chrY,11022686,11023185,,True,High Signal Region,atlas_hit
chr3:40221160-40221659,chr3,40221160,40221659,,True,High Signal Region,atlas_hit
chr10:41865729-41866228,chr10,41865729,41866228,,True,High Signal Region,atlas_hit
chr4:49109504-49110003,chr4,49109504,49110003,,True,High Signal Region,atlas_hit
chr3:195960946-195961445,chr3,195960946,195961445,,True,High Signal Region,atlas_hit
chr3:69052042-69052541,chr3,69052042,69052541,,True,High Signal Region,atlas_hit
chr11:73510851-73511350,chr11,73510851,73511350,,True,High Signal Region,atlas_hit
chr11:70371253-70371752,chr11,70371253,70371752,,True,High Signal Region,atlas_hit
chr7:102512478-102512977,chr7,102512478,102512977,,True,High Signal Region,atlas_hit
chr10:126950340-126950839,chr10,126950340,126950839,,True,Low Mappability,atlas_hit
chr15:17081375-17081874,chr15,17081375,17081874,,True,High Signal Region,atlas_hit
chr3:197599671-197600170,chr3,197599671,197600170,,True,High Signal Region,atlas_hit
chr21:10111788-10112287,chr21,10111788,10112287,,True,High Signal Region,atlas_hit
chr2:91571253-91571752,chr2,91571253,91571752,,True,High Signal Region,atlas_hit
chr6:336577-337076,chr6,336577,337076,,True,High Signal Region,atlas_hit
chrY:11643459-11643958,chrY,11643459,11643958,,True,High Signal Region,atlas_hit
chr14:23057980-23058479,chr14,23057980,23058479,,True,High Signal Region,atlas_hit
chr15:72636677-72637176,chr15,72636677,72637176,,True,High Signal Region,atlas_hit
chr1:778387-778886,chr1,778387,778886,,True,High Signal Region,atlas_hit
chr9:41941694-41942193,chr9,41941694,41942193,,True,Low Mappability,atlas_hit
chr21:5221352-5221851,chr21,5221352,5221851,,True,High Signal Region,atlas_hit
chr9:40988946-40989445,chr9,40988946,40989445,,True,High Signal Region,atlas_hit
chr10:41909234-41909733,chr10,41909234,41909733,,True,High Signal Region,atlas_hit
chr5:2489624-2490123,chr5,2489624,2490123,,True,High Signal Region,atlas_hit
chr9:41074603-41075102,chr9,41074603,41075102,,True,High Signal Region,atlas_hit
chr1:629697-630196,chr1,629697,630196,,True,High Signal Region,atlas_hit
chr6:304747-305246,chr6,304747,305246,,True,High Signal Region,atlas_hit
chr7:152427617-152428116,chr7,152427617,152428116,,True,High Signal Region,atlas_hit
chr5:100045748-100046247,chr5,100045748,100046247,,True,High Signal Region,atlas_hit
chr9:65926796-65927295,chr9,65926796,65927295,,True,High Signal Region,atlas_hit
chr2:113581318-113581817,chr2,113581318,113581817,,True,High Signal Region,atlas_hit
chr14:23043073-23043572,chr14,23043073,23043572,,True,High Signal Region,atlas_hit
chr3:197631833-197632332,chr3,197631833,197632332,,True,High Signal Region,atlas_hit
chr9:40317896-40318395,chr9,40317896,40318395,,True,High Signal Region,atlas_hit
chr2:32916000-32916499,chr2,32916000,32916499,,True,High Signal Region,atlas_hit
chrY:11320660-11321159,chrY,11320660,11321159,,True,High Signal Region,atlas_hit
chr15:22253348-22253847,chr15,22253348,22253847,,True,High Signal Region,atlas_hit
chr6:170146914-170147413,chr6,170146914,170147413,,True,High Signal Region,atlas_hit
chrY:11533903-11534402,chrY,11533903,11534402,,True,High Signal Region,atlas_hit
chr2:97550671-97551170,chr2,97550671,97551170,,True,High Signal Region,atlas_hit
chr5:175904415-175904914,chr5,175904415,175904914,,True,High Signal Region,atlas_hit
chr15:21532753-21533252,chr15,21532753,21533252,,True,High Signal Region,atlas_hit
chr2:96011022-96011521,chr2,96011022,96011521,,True,High Signal Region,atlas_hit
chr2:94207621-94208120,chr2,94207621,94208120,,True,High Signal Region,atlas_hit
chr5:181206026-181206525,chr5,181206026,181206525,,True,High Signal Region,atlas_hit
chr17:26619528-26620027,chr17,26619528,26620027,,True,High Signal Region,atlas_hit
chr9:137715382-137715881,chr9,137715382,137715881,,True,Low Mappability,atlas_hit
chr5:34192831-34193330,chr5,34192831,34193330,,True,High Signal Region,atlas_hit
chr16:46401198-46401697,chr16,46401198,46401697,,True,High Signal Region,atlas_hit
chrX:31529624-31530123,chrX,31529624,31530123,,True,High Signal Region,atlas_hit
chr14:105224127-105224626,chr14,105224127,105224626,,True,High Signal Region,atlas_hit
chr9:42394185-42394684,chr9,42394185,42394684,,True,High Signal Region,atlas_hit
chr14:105216834-105217333,chr14,105216834,105217333,,True,High Signal Region,atlas_hit
chr9:42385701-42386200,chr9,42385701,42386200,,True,High Signal Region,atlas_hit
chr9:41234691-41235190,chr9,41234691,41235190,,True,High Signal Region,atlas_hit
chr7:145998267-145998766,chr7,145998267,145998766,,True,High Signal Region,atlas_hit
chr9:64773523-64774022,chr9,64773523,64774022,,True,High Signal Region,atlas_hit
chr20:28824914-28825413,chr20,28824914,28825413,,True,High Signal Region,atlas_hit
chr4:49154247-49154746,chr4,49154247,49154746,,True,High Signal Region,atlas_hit
chr21:43276602-43277101,chr21,43276602,43277101,,True,High Signal Region,atlas_hit
chr9:41088379-41088878,chr9,41088379,41088878,,True,High Signal Region,atlas_hit
chr2:113511552-113512051,chr2,113511552,113512051,,True,High Signal Region,atlas_hit
chr4:49513983-49514482,chr4,49513983,49514482,,True,High Signal Region,atlas_hit
chr15:22494359-22494858,chr15,22494359,22494858,,True,High Signal Region,atlas_hit
chr17:43309689-43310188,chr17,43309689,43310188,,True,High Signal Region,atlas_hit
chr22:12693498-12693997,chr22,12693498,12693997,,True,High Signal Region,atlas_hit
chr3:197670104-197670603,chr3,197670104,197670603,,True,High Signal Region,atlas_hit
chr22:18528419-18528918,chr22,18528419,18528918,,True,High Signal Region,atlas_hit
chr12:124906695-124907194,chr12,124906695,124907194,,True,High Signal Region,atlas_hit
chr9:66152983-66153482,chr9,66152983,66153482,,True,High Signal Region,atlas_hit
chr15:20672109-20672608,chr15,20672109,20672608,,True,High Signal Region,atlas_hit
chr9:64018988-64019487,chr9,64018988,64019487,,True,High Signal Region,atlas_hit
chr15:82540303-82540802,chr15,82540303,82540802,,True,High Signal Region,atlas_hit
chr9:39059533-39060032,chr9,39059533,39060032,,True,High Signal Region,atlas_hit
chr21:9247944-9248443,chr21,9247944,9248443,,True,High Signal Region,atlas_hit
chr2:110054426-110054925,chr2,110054426,110054925,,True,High Signal Region,atlas_hit
chr3:195966546-195967045,chr3,195966546,195967045,,True,High Signal Region,atlas_hit
chr2:97112892-97113391,chr2,97112892,97113391,,True,High Signal Region,atlas_hit
chr14:18864955-18865454,chr14,18864955,18865454,,True,High Signal Region,atlas_hit
chr15:22283138-22283637,chr15,22283138,22283637,,True,High Signal Region,atlas_hit
chr11:61121888-61122387,chr11,61121888,61122387,,True,High Signal Region,atlas_hit
chr9:62468167-62468666,chr9,62468167,62468666,,True,High Signal Region,atlas_hit
chr4:1446953-1447452,chr4,1446953,1447452,,True,High Signal Region,atlas_hit
chrY:11156055-11156554,chrY,11156055,11156554,,True,High Signal Region,atlas_hit
chr19:58559456-58559955,chr19,58559456,58559955,,True,High Signal Region,atlas_hit
chrX:10800743-10801242,chrX,10800743,10801242,,True,High Signal Region,atlas_hit
chr1:161440183-161440682,chr1,161440183,161440682,,True,High Signal Region,atlas_hit
chr21:5220484-5220983,chr21,5220484,5220983,,True,High Signal Region,atlas_hit
chr15:20645880-20646379,chr15,20645880,20646379,,True,High Signal Region,atlas_hit
chr20:29120523-29121022,chr20,29120523,29121022,,True,High Signal Region,atlas_hit
chrY:56706968-56707467,chrY,56706968,56707467,,True,High Signal Region,atlas_hit
chr2:95992438-95992937,chr2,95992438,95992937,,True,High Signal Region,atlas_hit
chr3:195975106-195975605,chr3,195975106,195975605,,True,High Signal Region,atlas_hit
chr2:132256582-132257081,chr2,132256582,132257081,,True,High Signal Region,atlas_hit
chr16:34063637-34064136,chr16,34063637,34064136,,True,High Signal Region,atlas_hit
chr2:132268368-132268867,chr2,132268368,132268867,,True,High Signal Region,atlas_hit
chr17:21969171-21969670,chr17,21969171,21969670,,True,High Signal Region,atlas_hit
chrX:10972591-10973090,chrX,10972591,10973090,,True,High Signal Region,atlas_hit
chr3:39378046-39378545,chr3,39378046,39378545,,True,High Signal Region,atlas_hit
chr3:90512767-90513266,chr3,90512767,90513266,,True,High Signal Region,atlas_hit
chr4:51107258-51107757,chr4,51107258,51107757,,True,High Signal Region,atlas_hit
chr9:134178702-134179201,chr9,134178702,134179201,,True,High Signal Region,atlas_hit
chr2:95961966-95962465,chr2,95961966,95962465,,True,High Signal Region,atlas_hit
chr2:132288828-132289327,chr2,132288828,132289327,,True,High Signal Region,atlas_hit
chr2:96022021-96022520,chr2,96022021,96022520,,True,High Signal Region,atlas_hit
chr1:143214503-143215002,chr1,143214503,143215002,,True,High Signal Region,atlas_hit
chr9:41229977-41230476,chr9,41229977,41230476,,True,High Signal Region,atlas_hit
chr5:49658434-49658933,chr5,49658434,49658933,,True,High Signal Region,atlas_hit
chr4:49288721-49289220,chr4,49288721,49289220,,True,High Signal Region,atlas_hit
chr12:414847-415346,chr12,414847,415346,,True,High Signal Region,atlas_hit
chr20:29044103-29044602,chr20,29044103,29044602,,True,High Signal Region,atlas_hit
chrX:73015892-73016391,chrX,73015892,73016391,,True,High Signal Region,atlas_hit
chr9:40961509-40962008,chr9,40961509,40962008,,True,High Signal Region,atlas_hit
chr9:41688356-41688855,chr9,41688356,41688855,,True,Low Mappability,atlas_hit
chr3:157082638-157083137,chr3,157082638,157083137,,True,High Signal Region,atlas_hit
chr14:34548053-34548552,chr14,34548053,34548552,,True,High Signal Region,atlas_hit
chr2:97589410-97589909,chr2,97589410,97589909,,True,High Signal Region,atlas_hit
chr9:64445064-64445563,chr9,64445064,64445563,,True,High Signal Region,atlas_hit
chrX:56762507-56763006,chrX,56762507,56763006,,True,Low Mappability,atlas_hit
chr7:158133897-158134396,chr7,158133897,158134396,,True,High Signal Region,atlas_hit
chr2:111313642-111314141,chr2,111313642,111314141,,True,Low Mappability,atlas_hit
chr22:21468038-21468537,chr22,21468038,21468537,,True,High Signal Region,atlas_hit
chr18:74617428-74617927,chr18,74617428,74617927,,True,High Signal Region,atlas_hit
chr2:132267412-132267911,chr2,132267412,132267911,,True,High Signal Region,atlas_hit
chr9:39049830-39050329,chr9,39049830,39050329,,True,High Signal Region,atlas_hit
chr9:62880372-62880871,chr9,62880372,62880871,,True,High Signal Region,atlas_hit
chr2:91659805-91660304,chr2,91659805,91660304,,True,High Signal Region,atlas_hit
chr17:43315973-43316472,chr17,43315973,43316472,,True,High Signal Region,atlas_hit
chr5:63326503-63327002,chr5,63326503,63327002,,True,High Signal Region,atlas_hit
chrX:122541105-122541604,chrX,122541105,122541604,,True,High Signal Region,atlas_hit
chr17:19031661-19032160,chr17,19031661,19032160,,True,High Signal Region,atlas_hit
chr2:87593683-87594182,chr2,87593683,87594182,,True,High Signal Region,atlas_hit
chr14:19668267-19668766,chr14,19668267,19668766,,True,High Signal Region,atlas_hit
chr6:51893313-51893812,chr6,51893313,51893812,,True,High Signal Region,atlas_hit
chr4:49148934-49149433,chr4,49148934,49149433,,True,High Signal Region,atlas_hit
chr20:31184639-31185138,chr20,31184639,31185138,,True,High Signal Region,atlas_hit
chr4:119299845-119300344,chr4,119299845,119300344,,True,High Signal Region,atlas_hit
chr3:195625061-195625560,chr3,195625061,195625560,,True,High Signal Region,atlas_hit
chrX:135740474-135740973,chrX,135740474,135740973,,True,High Signal Region,atlas_hit
chr21:5154633-5155132,chr21,5154633,5155132,,True,High Signal Region,atlas_hit
chr6:157318811-157319310,chr6,157318811,157319310,,True,High Signal Region,atlas_hit
chr9:63890012-63890511,chr9,63890012,63890511,,True,High Signal Region,atlas_hit
chr14:74712855-74713354,chr14,74712855,74713354,,True,High Signal Region,atlas_hit
chr21:8420214-8420713,chr21,8420214,8420713,,True,High Signal Region,atlas_hit
chr1:267759-268258,chr1,267759,268258,,True,High Signal Region,atlas_hit
chr2:94196732-94197231,chr2,94196732,94197231,,True,High Signal Region,atlas_hit
chr6:44061718-44062217,chr6,44061718,44062217,,True,High Signal Region,atlas_hit
chr11:28229800-28230299,chr11,28229800,28230299,,True,High Signal Region,atlas_hit
chr3:90512206-90512705,chr3,90512206,90512705,,True,High Signal Region,atlas_hit
chr3:90483445-90483944,chr3,90483445,90483944,,True,High Signal Region,atlas_hit
chr3:122793557-122794056,chr3,122793557,122794056,,True,High Signal Region,atlas_hit
chr3:75640995-75641494,chr3,75640995,75641494,,True,High Signal Region,atlas_hit
chr3:197661155-197661654,chr3,197661155,197661654,,True,High Signal Region,atlas_hit
chr22:50807832-50808331,chr22,50807832,50808331,,True,High Signal Region,atlas_hit
chr8:144126407-144126906,chr8,144126407,144126906,,True,High Signal Region,atlas_hit
chr8:43237871-43238370,chr8,43237871,43238370,,True,High Signal Region,atlas_hit
chr3:195959363-195959862,chr3,195959363,195959862,,True,High Signal Region,atlas_hit
chr6:364471-364970,chr6,364471,364970,,True,High Signal Region,atlas_hit
chr7:56371744-56372243,chr7,56371744,56372243,,True,High Signal Region,atlas_hit
chr5:181183473-181183972,chr5,181183473,181183972,,True,High Signal Region,atlas_hit
chr2:88785166-88785665,chr2,88785166,88785665,,True,High Signal Region,atlas_hit
chr3:157088686-157089185,chr3,157088686,157089185,,True,High Signal Region,atlas_hit
chr3:195627442-195627941,chr3,195627442,195627941,,True,High Signal Region,atlas_hit
chr6:38279370-38279869,chr6,38279370,38279869,,True,High Signal Region,atlas_hit
chr2:87127652-87128151,chr2,87127652,87128151,,True,Low Mappability,atlas_hit
chr3:15206440-15206939,chr3,15206440,15206939,,True,High Signal Region,atlas_hit
chr4:49287895-49288394,chr4,49287895,49288394,,True,High Signal Region,atlas_hit
chr21:7289908-7290407,chr21,7289908,7290407,,True,High Signal Region,atlas_hit
chr2:110576645-110577144,chr2,110576645,110577144,,True,Low Mappability,atlas_hit
chr2:95970066-95970565,chr2,95970066,95970565,,True,High Signal Region,atlas_hit
chrX:148373460-148373959,chrX,148373460,148373959,,True,High Signal Region,atlas_hit
chr9:40106503-40107002,chr9,40106503,40107002,,True,High Signal Region,atlas_hit
chr14:19169026-19169525,chr14,19169026,19169525,,True,High Signal Region,atlas_hit
chr2:113541310-113541809,chr2,113541310,113541809,,True,High Signal Region,atlas_hit
chr3:133572859-133573358,chr3,133572859,133573358,,True,High Signal Region,atlas_hit
chr9:68342720-68343219,chr9,68342720,68343219,,True,High Signal Region,atlas_hit
chr2:113431726-113432225,chr2,113431726,113432225,,True,High Signal Region,atlas_hit
chr3:122776618-122777117,chr3,122776618,122777117,,True,High Signal Region,atlas_hit
chr15:23307766-23308265,chr15,23307766,23308265,,True,High Signal Region,atlas_hit
chr12:124927073-124927572,chr12,124927073,124927572,,True,High Signal Region,atlas_hit
chrX:51215637-51216136,chrX,51215637,51216136,,True,High Signal Region,atlas_hit
chr3:160948221-160948720,chr3,160948221,160948720,,True,High Signal Region,atlas_hit
chr15:20358872-20359371,chr15,20358872,20359371,,True,High Signal Region,atlas_hit
chrY:11302880-11303379,chrY,11302880,11303379,,True,High Signal Region,atlas_hit
chr2:110382623-110383122,chr2,110382623,110383122,,True,Low Mappability,atlas_hit
chr3:10389-10888,chr3,10389,10888,,True,High Signal Region,atlas_hit
chr3:192738868-192739367,chr3,192738868,192739367,,True,High Signal Region,atlas_hit
chr2:111472795-111473294,chr2,111472795,111473294,,True,Low Mappability,atlas_hit
chr21:5219906-5220405,chr21,5219906,5220405,,True,High Signal Region,atlas_hit
chrX:102339120-102339619,chrX,102339120,102339619,,True,High Signal Region,atlas_hit
chr9:63817703-63818202,chr9,63817703,63818202,,True,High Signal Region,atlas_hit
chr9:41512623-41513122,chr9,41512623,41513122,,True,High Signal Region,atlas_hit
chr6:38271606-38272105,chr6,38271606,38272105,,True,High Signal Region,atlas_hit
chr2:64359959-64360458,chr2,64359959,64360458,,True,High Signal Region,atlas_hit
chr21:9246581-9247080,chr21,9246581,9247080,,True,High Signal Region,atlas_hit
chr12:132227869-132228368,chr12,132227869,132228368,,True,High Signal Region,atlas_hit
chr2:113593207-113593706,chr2,113593207,113593706,,True,High Signal Region,atlas_hit
chr2:87542520-87543019,chr2,87542520,87543019,,True,High Signal Region,atlas_hit
chr4:190081825-190082324,chr4,190081825,190082324,,True,High Signal Region,atlas_hit
chr9:41031489-41031988,chr9,41031489,41031988,,True,High Signal Region,atlas_hit
chrY:11305090-11305589,chrY,11305090,11305589,,True,High Signal Region,atlas_hit
chr7:152434381-152434880,chr7,152434381,152434880,,True,High Signal Region,atlas_hit
chr8:43254695-43255194,chr8,43254695,43255194,,True,High Signal Region,atlas_hit
chr2:242183183-242183682,chr2,242183183,242183682,,True,High Signal Region,atlas_hit
chr3:197394535-197395034,chr3,197394535,197395034,,True,High Signal Region,atlas_hit
chr3:90515709-90516208,chr3,90515709,90516208,,True,High Signal Region,atlas_hit
chrY:56727893-56728392,chrY,56727893,56728392,,True,High Signal Region,atlas_hit
chr3:157081619-157082118,chr3,157081619,157082118,,True,High Signal Region,atlas_hit
chr2:87438964-87439463,chr2,87438964,87439463,,True,High Signal Region,atlas_hit
chr11:61120739-61121238,chr11,61120739,61121238,,True,High Signal Region,atlas_hit
chr9:33659866-33660365,chr9,33659866,33660365,,True,High Signal Region,atlas_hit
chrX:56764324-56764823,chrX,56764324,56764823,,True,Low Mappability,atlas_hit
chr7:152394174-152394673,chr7,152394174,152394673,,True,High Signal Region,atlas_hit
chr2:130703167-130703666,chr2,130703167,130703666,,True,High Signal Region,atlas_hit
chr9:41269025-41269524,chr9,41269025,41269524,,True,High Signal Region,atlas_hit
chr2:94208640-94209139,chr2,94208640,94209139,,True,High Signal Region,atlas_hit
chr2:94191019-94191518,chr2,94191019,94191518,,True,High Signal Region,atlas_hit
chr9:62532718-62533217,chr9,62532718,62533217,,True,High Signal Region,atlas_hit
chr11:61126188-61126687,chr11,61126188,61126687,,True,High Signal Region,atlas_hit
chr2:109760635-109761134,chr2,109760635,109761134,,True,High Signal Region,atlas_hit
chr12:124917141-124917640,chr12,124917141,124917640,,True,High Signal Region,atlas_hit
chr9:62802425-62802924,chr9,62802425,62802924,,True,High Signal Region,atlas_hit
chr5:181188240-181188739,chr5,181188240,181188739,,True,High Signal Region,atlas_hit
chr14:23057462-23057961,chr14,23057462,23057961,,True,High Signal Region,atlas_hit
chr5:175939162-175939661,chr5,175939162,175939661,,True,High Signal Region,atlas_hit
chr3:122760159-122760658,chr3,122760159,122760658,,True,High Signal Region,atlas_hit
chr6:341361-341860,chr6,341361,341860,,True,High Signal Region,atlas_hit
chr9:61853856-61854355,chr9,61853856,61854355,,True,High Signal Region,atlas_hit
chr5:74685439-74685938,chr5,74685439,74685938,,True,High Signal Region,atlas_hit
chrY:10986585-10987084,chrY,10986585,10987084,,True,High Signal Region,atlas_hit
chr12:389118-389617,chr12,389118,389617,,True,High Signal Region,atlas_hit
chr9:63862543-63863042,chr9,63862543,63863042,,True,High Signal Region,atlas_hit
chrX:10798406-10798905,chrX,10798406,10798905,,True,High Signal Region,atlas_hit
chr5:134927374-134927873,chr5,134927374,134927873,,True,High Signal Region,atlas_hit
chr2:111312772-111313271,chr2,111312772,111313271,,True,Low Mappability,atlas_hit
chr6:38269706-38270205,chr6,38269706,38270205,,True,High Signal Region,atlas_hit
chr5:34188191-34188690,chr5,34188191,34188690,,True,High Signal Region,atlas_hit
chrX:153310882-153311381,chrX,153310882,153311381,,True,High Signal Region,atlas_hit
chr14:23055513-23056012,chr14,23055513,23056012,,True,High Signal Region,atlas_hit
chr9:62837572-62838071,chr9,62837572,62838071,,True,High Signal Region,atlas_hit
chr9:41696989-41697488,chr9,41696989,41697488,,True,Low Mappability,atlas_hit
chr9:62808030-62808529,chr9,62808030,62808529,,True,High Signal Region,atlas_hit
chr15:20227373-20227872,chr15,20227373,20227872,,True,High Signal Region,atlas_hit
chr21:9574774-9575273,chr21,9574774,9575273,,True,High Signal Region,atlas_hit
chr9:66063770-66064269,chr9,66063770,66064269,,True,High Signal Region,atlas_hit
chr18:2856379-2856878,chr18,2856379,2856878,,True,High Signal Region,atlas_hit
chr15:21533372-21533871,chr15,21533372,21533871,,True,High Signal Region,atlas_hit
chr7:102611890-102612389,chr7,102611890,102612389,,True,High Signal Region,atlas_hit
chr4:162420432-162420931,chr4,162420432,162420931,,True,High Signal Region,atlas_hit
chr15:20251469-20251968,chr15,20251469,20251968,,True,High Signal Region,atlas_hit
chr10:41859689-41860188,chr10,41859689,41860188,,True,High Signal Region,atlas_hit
chr5:34193789-34194288,chr5,34193789,34194288,,True,High Signal Region,atlas_hit
chr6:289230-289729,chr6,289230,289729,,True,High Signal Region,atlas_hit
chr3:195954283-195954782,chr3,195954283,195954782,,True,High Signal Region,atlas_hit
chrX:56763694-56764193,chrX,56763694,56764193,,True,Low Mappability,atlas_hit
chr21:7919392-7919891,chr21,7919392,7919891,,True,High Signal Region,atlas_hit
chr3:197671222-197671721,chr3,197671222,197671721,,True,High Signal Region,atlas_hit
chr2:95911410-95911909,chr2,95911410,95911909,,True,High Signal Region,atlas_hit
chr2:94237374-94237873,chr2,94237374,94237873,,True,High Signal Region,atlas_hit
chr9:41012830-41013329,chr9,41012830,41013329,,True,High Signal Region,atlas_hit
chr3:26392719-26393218,chr3,26392719,26393218,,True,High Signal Region,atlas_hit
chr3:39384085-39384584,chr3,39384085,39384584,,True,High Signal Region,atlas_hit
chr5:181189327-181189826,chr5,181189327,181189826,,True,High Signal Region,atlas_hit
chr2:97590005-97590504,chr2,97590005,97590504,,True,High Signal Region,atlas_hit
chr2:109761164-109761663,chr2,109761164,109761663,,True,High Signal Region,atlas_hit
chr12:131583005-131583504,chr12,131583005,131583504,,True,High Signal Region,atlas_hit
chr6:157317012-157317511,chr6,157317012,157317511,,True,High Signal Region,atlas_hit
chr9:62814297-62814796,chr9,62814297,62814796,,True,High Signal Region,atlas_hit
chrX:126472265-126472764,chrX,126472265,126472764,,True,High Signal Region,atlas_hit
chr14:19167738-19168237,chr14,19167738,19168237,,True,High Signal Region,atlas_hit
chr4:146296466-146296965,chr4,146296466,146296965,,True,High Signal Region,atlas_hit
chr1:143263167-143263666,chr1,143263167,143263666,,True,High Signal Region,atlas_hit
chr17:21823004-21823503,chr17,21823004,21823503,,True,High Signal Region,atlas_hit
chr21:9657728-9658227,chr21,9657728,9658227,,True,High Signal Region,atlas_hit
chr22:12692616-12693115,chr22,12692616,12693115,,True,High Signal Region,atlas_hit
chr9:40957730-40958229,chr9,40957730,40958229,,True,High Signal Region,atlas_hit
chrX:148372857-148373356,chrX,148372857,148373356,,True,High Signal Region,atlas_hit
chr15:20372369-20372868,chr15,20372369,20372868,,True,High Signal Region,atlas_hit
chr2:1598188-1598687,chr2,1598188,1598687,,True,High Signal Region,atlas_hit
chr9:66270259-66270758,chr9,66270259,66270758,,True,High Signal Region,atlas_hit
chr1:180570-181069,chr1,180570,181069,,True,High Signal Region,atlas_hit
chr5:181217151-181217650,chr5,181217151,181217650,,True,High Signal Region,atlas_hit
chr2:94273469-94273968,chr2,94273469,94273968,,True,High Signal Region,atlas_hit
chr16:34581216-34581715,chr16,34581216,34581715,,True,High Signal Region,atlas_hit
chr2:89585486-89585985,chr2,89585486,89585985,,True,High Signal Region,atlas_hit
chr6:38266854-38267353,chr6,38266854,38267353,,True,High Signal Region,atlas_hit
chr21:43275229-43275728,chr21,43275229,43275728,,True,High Signal Region,atlas_hit
chr2:111346160-111346659,chr2,111346160,111346659,,True,Low Mappability,atlas_hit
chrX:31524791-31525290,chrX,31524791,31525290,,True,High Signal Region,atlas_hit
chr3:101676078-101676577,chr3,101676078,101676577,,True,High Signal Region,atlas_hit
chr4:40309177-40309676,chr4,40309177,40309676,,True,High Signal Region,atlas_hit
chr1:779540-780039,chr1,779540,780039,,True,High Signal Region,atlas_hit
chr16:46387678-46388177,chr16,46387678,46388177,,True,High Signal Region,atlas_hit
chr2:113603415-113603914,chr2,113603415,113603914,,True,High Signal Region,atlas_hit
chr9:40991280-40991779,chr9,40991280,40991779,,True,High Signal Region,atlas_hit
chr6:349710-350209,chr6,349710,350209,,True,High Signal Region,atlas_hit
chr2:113571401-113571900,chr2,113571401,113571900,,True,High Signal Region,atlas_hit
chr9:66319784-66320283,chr9,66319784,66320283,,True,High Signal Region,atlas_hit
chr11:61121307-61121806,chr11,61121307,61121806,,True,High Signal Region,atlas_hit
chr3:15196845-15197344,chr3,15196845,15197344,,True,High Signal Region,atlas_hit
chr3:101686413-101686912,chr3,101686413,101686912,,True,High Signal Region,atlas_hit
chr5:178585445-178585944,chr5,178585445,178585944,,True,High Signal Region,atlas_hit
chr5:49599758-49600257,chr5,49599758,49600257,,True,High Signal Region,atlas_hit
chr5:49657904-49658403,chr5,49657904,49658403,,True,High Signal Region,atlas_hit
chr3:16176358-16176857,chr3,16176358,16176857,,True,High Signal Region,atlas_hit
chr2:94272836-94273335,chr2,94272836,94273335,,True,High Signal Region,atlas_hit
chr15:20330861-20331360,chr15,20330861,20331360,,True,High Signal Region,atlas_hit
chr22:50643003-50643502,chr22,50643003,50643502,,True,High Signal Region,atlas_hit
chr15:20353132-20353631,chr15,20353132,20353631,,True,High Signal Region,atlas_hit
chr15:20408395-20408894,chr15,20408395,20408894,,True,High Signal Region,atlas_hit
chr14:23094412-23094911,chr14,23094412,23094911,,True,High Signal Region,atlas_hit
chr3:197676443-197676942,chr3,197676443,197676942,,True,High Signal Region,atlas_hit
chr7:102478681-102479180,chr7,102478681,102479180,,True,High Signal Region,atlas_hit
chr7:241220-241719,chr7,241220,241719,,True,High Signal Region,atlas_hit
chr3:194333693-194334192,chr3,194333693,194334192,,True,High Signal Region,atlas_hit
chr9:67059265-67059764,chr9,67059265,67059764,,True,High Signal Region,atlas_hit
chr3:36993503-36994002,chr3,36993503,36994002,,True,High Signal Region,atlas_hit
chr7:227434-227933,chr7,227434,227933,,True,High Signal Region,atlas_hit
chr4:49648457-49648956,chr4,49648457,49648956,,True,High Signal Region,atlas_hit
chr10:133787083-133787582,chr10,133787083,133787582,,True,High Signal Region,atlas_hit
chr2:130590673-130591172,chr2,130590673,130591172,,True,High Signal Region,atlas_hit
chr10:39986255-39986754,chr10,39986255,39986754,,True,High Signal Region,atlas_hit
chr14:19377794-19378293,chr14,19377794,19378293,,True,High Signal Region,atlas_hit
chr6:44043542-44044041,chr6,44043542,44044041,,True,High Signal Region,atlas_hit
chr2:113551619-113552118,chr2,113551619,113552118,,True,High Signal Region,atlas_hit
chr4:40311986-40312485,chr4,40311986,40312485,,True,High Signal Region,atlas_hit
chr3:96618092-96618591,chr3,96618092,96618591,,True,High Signal Region,atlas_hit
chr8:12194385-12194884,chr8,12194385,12194884,,True,High Signal Region,atlas_hit
chr9:66796994-66797493,chr9,66796994,66797493,,True,High Signal Region,atlas_hit
chr9:42399080-42399579,chr9,42399080,42399579,,True,High Signal Region,atlas_hit
chr19:247057-247556,chr19,247057,247556,,True,High Signal Region,atlas_hit
chr14:34540119-34540618,chr14,34540119,34540618,,True,High Signal Region,atlas_hit
chr6:332705-333204,chr6,332705,333204,,True,High Signal Region,atlas_hit
chr9:66808550-66809049,chr9,66808550,66809049,,True,High Signal Region,atlas_hit
chr14:23084988-23085487,chr14,23084988,23085487,,True,High Signal Region,atlas_hit
chr2:87825710-87826209,chr2,87825710,87826209,,True,High Signal Region,atlas_hit
chr17:53106085-53106584,chr17,53106085,53106584,,True,High Signal Region,atlas_hit
chr5:181235321-181235820,chr5,181235321,181235820,,True,High Signal Region,atlas_hit
chr3:122795360-122795859,chr3,122795360,122795859,,True,High Signal Region,atlas_hit
chr19:58538219-58538718,chr19,58538219,58538718,,True,High Signal Region,atlas_hit
chr11:61120069-61120568,chr11,61120069,61120568,,True,High Signal Region,atlas_hit
chr9:42365650-42366149,chr9,42365650,42366149,,True,High Signal Region,atlas_hit
chr3:195923735-195924234,chr3,195923735,195924234,,True,High Signal Region,atlas_hit
chr5:100060766-100061265,chr5,100060766,100061265,,True,High Signal Region,atlas_hit
chr8:43240560-43241059,chr8,43240560,43241059,,True,High Signal Region,atlas_hit
chr21:10802205-10802704,chr21,10802205,10802704,,True,High Signal Region,atlas_hit
chr2:64368709-64369208,chr2,64368709,64369208,,True,High Signal Region,atlas_hit
chr12:124919730-124920229,chr12,124919730,124920229,,True,High Signal Region,atlas_hit
chrY:56742465-56742964,chrY,56742465,56742964,,True,High Signal Region,atlas_hit
chr2:112433975-112434474,chr2,112433975,112434474,,True,Low Mappability,atlas_hit
chr2:109766259-109766758,chr2,109766259,109766758,,True,High Signal Region,atlas_hit
chrX:63281263-63281762,chrX,63281263,63281762,,True,Low Mappability,atlas_hit
chr3:122782754-122783253,chr3,122782754,122783253,,True,High Signal Region,atlas_hit
chr2:87488725-87489224,chr2,87488725,87489224,,True,High Signal Region,atlas_hit
chr17:26937862-26938361,chr17,26937862,26938361,,True,High Signal Region,atlas_hit
chr9:66816447-66816946,chr9,66816447,66816946,,True,High Signal Region,atlas_hit
chr3:197668612-197669111,chr3,197668612,197669111,,True,High Signal Region,atlas_hit
chr7:158917718-158918217,chr7,158917718,158918217,,True,High Signal Region,atlas_hit
chr21:43270669-43271168,chr21,43270669,43271168,,True,High Signal Region,atlas_hit
chr15:20367033-20367532,chr15,20367033,20367532,,True,High Signal Region,atlas_hit
chr2:111471741-111472240,chr2,111471741,111472240,,True,Low Mappability,atlas_hit
chr22:10687221-10687720,chr22,10687221,10687720,,True,High Signal Region,atlas_hit
chr3:196021979-196022478,chr3,196021979,196022478,,True,High Signal Region,atlas_hit
chr1:161427930-161428429,chr1,161427930,161428429,,True,High Signal Region,atlas_hit
chr3:69047483-69047982,chr3,69047483,69047982,,True,High Signal Region,atlas_hit
chr2:88773031-88773530,chr2,88773031,88773530,,True,High Signal Region,atlas_hit
chr4:49512860-49513359,chr4,49512860,49513359,,True,High Signal Region,atlas_hit
chr2:113636181-113636680,chr2,113636181,113636680,,True,High Signal Region,atlas_hit
chr2:87246023-87246522,chr2,87246023,87246522,,True,High Signal Region,atlas_hit
chr3:101685877-101686376,chr3,101685877,101686376,,True,High Signal Region,atlas_hit
chr4:49107187-49107686,chr4,49107187,49107686,,True,High Signal Region,atlas_hit
chr20:31185951-31186450,chr20,31185951,31186450,,True,High Signal Region,atlas_hit
chr3:197628810-197629309,chr3,197628810,197629309,,True,High Signal Region,atlas_hit
chr6:282797-283296,chr6,282797,283296,,True,High Signal Region,atlas_hit
chr2:130577049-130577548,chr2,130577049,130577548,,True,High Signal Region,atlas_hit
chrY:11331833-11332332,chrY,11331833,11332332,,True,High Signal Region,atlas_hit
chrX:153310238-153310737,chrX,153310238,153310737,,True,High Signal Region,atlas_hit
chr1:778887-779386,chr1,778887,779386,,True,High Signal Region,atlas_hit
chr1:143231738-143232237,chr1,143231738,143232237,,True,High Signal Region,atlas_hit
chr6:60238943-60239442,chr6,60238943,60239442,,True,High Signal Region,atlas_hit
chr19:58562425-58562924,chr19,58562425,58562924,,True,High Signal Region,atlas_hit
chr9:41693073-41693572,chr9,41693073,41693572,,True,Low Mappability,atlas_hit
chr12:131587535-131588034,chr12,131587535,131588034,,True,High Signal Region,atlas_hit
chr3:197675226-197675725,chr3,197675226,197675725,,True,High Signal Region,atlas_hit
chr8:43244177-43244676,chr8,43244177,43244676,,True,High Signal Region,atlas_hit
chr18:9836-10335,chr18,9836,10335,,True,High Signal Region,atlas_hit
chr15:22287713-22288212,chr15,22287713,22288212,,True,High Signal Region,atlas_hit
chrY:11649420-11649919,chrY,11649420,11649919,,True,High Signal Region,atlas_hit
chr3:138593561-138594060,chr3,138593561,138594060,,True,High Signal Region,atlas_hit
chr6:44073081-44073580,chr6,44073081,44073580,,True,High Signal Region,atlas_hit
chr6:291778-292277,chr6,291778,292277,,True,High Signal Region,atlas_hit
chrY:26648210-26648709,chrY,26648210,26648709,,True,High Signal Region,atlas_hit
chr15:72670740-72671239,chr15,72670740,72671239,,True,High Signal Region,atlas_hit
chr2:89611741-89612240,chr2,89611741,89612240,,True,High Signal Region,atlas_hit
chr9:40991839-40992338,chr9,40991839,40992338,,True,High Signal Region,atlas_hit
chr2:91575707-91576206,chr2,91575707,91576206,,True,High Signal Region,atlas_hit
chr2:181275709-181276208,chr2,181275709,181276208,,True,High Signal Region,atlas_hit
chr9:41124561-41125060,chr9,41124561,41125060,,True,High Signal Region,atlas_hit
chr12:124933603-124934102,chr12,124933603,124934102,,True,High Signal Region,atlas_hit
chr15:22262426-22262925,chr15,22262426,22262925,,True,High Signal Region,atlas_hit
chr20:28638634-28639133,chr20,28638634,28639133,,True,High Signal Region,atlas_hit
chrY:11314116-11314615,chrY,11314116,11314615,,True,High Signal Region,atlas_hit
chr9:66154227-66154726,chr9,66154227,66154726,,True,High Signal Region,atlas_hit
chr12:124940561-124941060,chr12,124940561,124941060,,True,High Signal Region,atlas_hit
chr21:7926149-7926648,chr21,7926149,7926648,,True,High Signal Region,atlas_hit
chr21:43267766-43268265,chr21,43267766,43268265,,True,High Signal Region,atlas_hit
chr5:175908558-175909057,chr5,175908558,175909057,,True,High Signal Region,atlas_hit
chr16:34576191-34576690,chr16,34576191,34576690,,True,High Signal Region,atlas_hit
chr20:64882-65381,chr20,64882,65381,,True,High Signal Region,atlas_hit
chr9:66807906-66808405,chr9,66807906,66808405,,True,High Signal Region,atlas_hit
chr18:2847432-2847931,chr18,2847432,2847931,,True,High Signal Region,atlas_hit
chr6:44076547-44077046,chr6,44076547,44077046,,True,High Signal Region,atlas_hit
chr3:15205917-15206416,chr3,15205917,15206416,,True,High Signal Region,atlas_hit
chr5:647314-647813,chr5,647314,647813,,True,High Signal Region,atlas_hit
chr1:9848-10347,chr1,9848,10347,,True,High Signal Region,atlas_hit
chr21:6369727-6370226,chr21,6369727,6370226,,True,High Signal Region,atlas_hit
chr19:58581071-58581570,chr19,58581071,58581570,,True,High Signal Region,atlas_hit
chr3:75670215-75670714,chr3,75670215,75670714,,True,High Signal Region,atlas_hit
chr2:87476950-87477449,chr2,87476950,87477449,,True,High Signal Region,atlas_hit
chr4:49139462-49139961,chr4,49139462,49139961,,True,High Signal Region,atlas_hit
chr16:34581995-34582494,chr16,34581995,34582494,,True,High Signal Region,atlas_hit
chr15:22254026-22254525,chr15,22254026,22254525,,True,High Signal Region,atlas_hit
chr5:181204025-181204524,chr5,181204025,181204524,,True,High Signal Region,atlas_hit
chr5:181183975-181184474,chr5,181183975,181184474,,True,High Signal Region,atlas_hit
chr15:17080611-17081110,chr15,17080611,17081110,,True,High Signal Region,atlas_hit
chr4:49637547-49638046,chr4,49637547,49638046,,True,High Signal Region,atlas_hit
chr5:63322656-63323155,chr5,63322656,63323155,,True,High Signal Region,atlas_hit
chr3:36992882-36993381,chr3,36992882,36993381,,True,High Signal Region,atlas_hit
chr10:41891873-41892372,chr10,41891873,41892372,,True,High Signal Region,atlas_hit
chrY:11314619-11315118,chrY,11314619,11315118,,True,High Signal Region,atlas_hit
chr16:34062561-34063060,chr16,34062561,34063060,,True,High Signal Region,atlas_hit
chr18:109744-110243,chr18,109744,110243,,True,High Signal Region,atlas_hit
chr2:94208133-94208632,chr2,94208133,94208632,,True,High Signal Region,atlas_hit
chr12:29799533-29800032,chr12,29799533,29800032,,True,High Signal Region,atlas_hit
chr9:41119147-41119646,chr9,41119147,41119646,,True,High Signal Region,atlas_hit
chr18:107864-108363,chr18,107864,108363,,True,High Signal Region,atlas_hit
chr4:49099963-49100462,chr4,49099963,49100462,,True,High Signal Region,atlas_hit
chr6:38281096-38281595,chr6,38281096,38281595,,True,High Signal Region,atlas_hit
chr16:46399878-46400377,chr16,46399878,46400377,,True,High Signal Region,atlas_hit
chrX:42900738-42901237,chrX,42900738,42901237,,True,High Signal Region,atlas_hit
chr2:89936482-89936981,chr2,89936482,89936981,,True,High Signal Region,atlas_hit
chr2:91859150-91859649,chr2,91859150,91859649,,True,Low Mappability,atlas_hit
chr3:122789791-122790290,chr3,122789791,122790290,,True,High Signal Region,atlas_hit
chr2:113592378-113592877,chr2,113592378,113592877,,True,High Signal Region,atlas_hit
chr3:197628204-197628703,chr3,197628204,197628703,,True,High Signal Region,atlas_hit
chr3:138594601-138595100,chr3,138594601,138595100,,True,High Signal Region,atlas_hit
chr6:44045530-44046029,chr6,44045530,44046029,,True,High Signal Region,atlas_hit
chr4:49137001-49137500,chr4,49137001,49137500,,True,High Signal Region,atlas_hit
chr15:20356299-20356798,chr15,20356299,20356798,,True,High Signal Region,atlas_hit
chr15:17082758-17083257,chr15,17082758,17083257,,True,High Signal Region,atlas_hit
chr5:181173397-181173896,chr5,181173397,181173896,,True,High Signal Region,atlas_hit
chr21:10123458-10123957,chr21,10123458,10123957,,True,High Signal Region,atlas_hit
chr3:49673487-49673986,chr3,49673487,49673986,,True,High Signal Region,atlas_hit
chr5:34178232-34178731,chr5,34178232,34178731,,True,High Signal Region,atlas_hit
chr20:31157541-31158040,chr20,31157541,31158040,,True,High Signal Region,atlas_hit
chr9:68396922-68397421,chr9,68396922,68397421,,True,High Signal Region,atlas_hit
chr3:195921200-195921699,chr3,195921200,195921699,,True,High Signal Region,atlas_hit
chr21:9649297-9649796,chr21,9649297,9649796,,True,High Signal Region,atlas_hit
chr2:110344573-110345072,chr2,110344573,110345072,,True,Low Mappability,atlas_hit
chr3:195914952-195915451,chr3,195914952,195915451,,True,High Signal Region,atlas_hit
chr4:49711449-49711948,chr4,49711449,49711948,,True,High Signal Region,atlas_hit
chr12:131589313-131589812,chr12,131589313,131589812,,True,High Signal Region,atlas_hit
chr4:78002126-78002625,chr4,78002126,78002625,,True,High Signal Region,atlas_hit
chrY:26670795-26671294,chrY,26670795,26671294,,True,High Signal Region,atlas_hit
chr19:58578530-58579029,chr19,58578530,58579029,,True,High Signal Region,atlas_hit
chr6:44050098-44050597,chr6,44050098,44050597,,True,High Signal Region,atlas_hit
chr1:248945384-248945883,chr1,248945384,248945883,,True,High Signal Region,atlas_hit
chr3:138578053-138578552,chr3,138578053,138578552,,True,High Signal Region,atlas_hit
chr6:157323913-157324412,chr6,157323913,157324412,,True,High Signal Region,atlas_hit
chr9:65386673-65387172,chr9,65386673,65387172,,True,High Signal Region,atlas_hit
chr1:143195279-143195778,chr1,143195279,143195778,,True,High Signal Region,atlas_hit
chr5:49666697-49667196,chr5,49666697,49667196,,True,High Signal Region,atlas_hit
chr20:28582333-28582832,chr20,28582333,28582832,,True,High Signal Region,atlas_hit
chr19:95267-95766,chr19,95267,95766,,True,High Signal Region,atlas_hit
chr4:119284665-119285164,chr4,119284665,119285164,,True,High Signal Region,atlas_hit
chrY:11721749-11722248,chrY,11721749,11722248,,True,High Signal Region,atlas_hit
chr3:69051431-69051930,chr3,69051431,69051930,,True,High Signal Region,atlas_hit
chr5:34244546-34245045,chr5,34244546,34245045,,True,High Signal Region,atlas_hit
chr12:388467-388966,chr12,388467,388966,,True,High Signal Region,atlas_hit
chr6:38279913-38280412,chr6,38279913,38280412,,True,High Signal Region,atlas_hit
chr20:29049981-29050480,chr20,29049981,29050480,,True,High Signal Region,atlas_hit
chr3:75658278-75658777,chr3,75658278,75658777,,True,High Signal Region,atlas_hit
chr6:273479-273978,chr6,273479,273978,,True,High Signal Region,atlas_hit
chr9:42379091-42379590,chr9,42379091,42379590,,True,High Signal Region,atlas_hit
chr15:20380581-20381080,chr15,20380581,20381080,,True,High Signal Region,atlas_hit
chr15:20251997-20252496,chr15,20251997,20252496,,True,High Signal Region,atlas_hit
chr20:31051929-31052428,chr20,31051929,31052428,,True,High Signal Region,atlas_hit
chr17:19142385-19142884,chr17,19142385,19142884,,True,High Signal Region,atlas_hit
chr2:111395281-111395780,chr2,111395281,111395780,,True,Low Mappability,atlas_hit
chr4:40303352-40303851,chr4,40303352,40303851,,True,High Signal Region,atlas_hit
chr14:23034674-23035173,chr14,23034674,23035173,,True,High Signal Region,atlas_hit
chrX:135737341-135737840,chrX,135737341,135737840,,True,High Signal Region,atlas_hit
chr14:19378421-19378920,chr14,19378421,19378920,,True,High Signal Region,atlas_hit
chr9:42388806-42389305,chr9,42388806,42389305,,True,High Signal Region,atlas_hit
chr15:22601674-22602173,chr15,22601674,22602173,,True,High Signal Region,atlas_hit
chrY:11310036-11310535,chrY,11310036,11310535,,True,High Signal Region,atlas_hit
chr6:38290086-38290585,chr6,38290086,38290585,,True,High Signal Region,atlas_hit
chr16:46399121-46399620,chr16,46399121,46399620,,True,High Signal Region,atlas_hit
chr19:44401150-44401649,chr19,44401150,44401649,,True,High Signal Region,atlas_hit
chr2:113627005-113627504,chr2,113627005,113627504,,True,High Signal Region,atlas_hit
chr3:40232384-40232883,chr3,40232384,40232883,,True,High Signal Region,atlas_hit
chrX:14095577-14096076,chrX,14095577,14096076,,True,High Signal Region,atlas_hit
chr9:62863818-62864317,chr9,62863818,62864317,,True,High Signal Region,atlas_hit
chrX:51243691-51244190,chrX,51243691,51244190,,True,High Signal Region,atlas_hit
chrY:26664197-26664696,chrY,26664197,26664696,,True,High Signal Region,atlas_hit
chr6:38268553-38269052,chr6,38268553,38269052,,True,High Signal Region,atlas_hit
chr3:89362146-89362645,chr3,89362146,89362645,,True,High Signal Region,atlas_hit
chr9:40583949-40584448,chr9,40583949,40584448,,True,High Signal Region,atlas_hit
chr9:41106658-41107157,chr9,41106658,41107157,,True,High Signal Region,atlas_hit
chr11:61095007-61095506,chr11,61095007,61095506,,True,High Signal Region,atlas_hit
chr11:61118969-61119468,chr11,61118969,61119468,,True,High Signal Region,atlas_hit
chr9:42366187-42366686,chr9,42366187,42366686,,True,High Signal Region,atlas_hit
chr22:21443889-21444388,chr22,21443889,21444388,,True,High Signal Region,atlas_hit
chrY:11518244-11518743,chrY,11518244,11518743,,True,High Signal Region,atlas_hit
chr8:43243671-43244170,chr8,43243671,43244170,,True,High Signal Region,atlas_hit
chr20:29032435-29032934,chr20,29032435,29032934,,True,High Signal Region,atlas_hit
chr2:112431855-112432354,chr2,112431855,112432354,,True,Low Mappability,atlas_hit
chr4:1463129-1463628,chr4,1463129,1463628,,True,High Signal Region,atlas_hit
chr4:49235365-49235864,chr4,49235365,49235864,,True,High Signal Region,atlas_hit
chr14:19213170-19213669,chr14,19213170,19213669,,True,High Signal Region,atlas_hit
chr16:46391031-46391530,chr16,46391031,46391530,,True,High Signal Region,atlas_hit
chr6:319144-319643,chr6,319144,319643,,True,High Signal Region,atlas_hit
chr1:143264449-143264948,chr1,143264449,143264948,,True,High Signal Region,atlas_hit
chr2:110610562-110611061,chr2,110610562,110611061,,True,Low Mappability,atlas_hit
chr3:101691560-101692059,chr3,101691560,101692059,,True,High Signal Region,atlas_hit
chrX:132289992-132290491,chrX,132289992,132290491,,True,High Signal Region,atlas_hit
chr14:19097222-19097721,chr14,19097222,19097721,,True,High Signal Region,atlas_hit
chr19:58563088-58563587,chr19,58563088,58563587,,True,High Signal Region,atlas_hit
chr19:58543791-58544290,chr19,58543791,58544290,,True,High Signal Region,atlas_hit
chr21:6371693-6372192,chr21,6371693,6372192,,True,High Signal Region,atlas_hit
chr20:28842108-28842607,chr20,28842108,28842607,,True,High Signal Region,atlas_hit
chr6:259744-260243,chr6,259744,260243,,True,High Signal Region,atlas_hit
chr7:158903459-158903958,chr7,158903459,158903958,,True,High Signal Region,atlas_hit
chr2:91839841-91840340,chr2,91839841,91840340,,True,Low Mappability,atlas_hit
chr8:81842321-81842820,chr8,81842321,81842820,,True,High Signal Region,atlas_hit
chr2:97590693-97591192,chr2,97590693,97591192,,True,High Signal Region,atlas_hit
chr3:122754799-122755298,chr3,122754799,122755298,,True,High Signal Region,atlas_hit
chr1:248945901-248946400,chr1,248945901,248946400,,True,High Signal Region,atlas_hit
chr9:39000939-39001438,chr9,39000939,39001438,,True,High Signal Region,atlas_hit
chr5:181216179-181216678,chr5,181216179,181216678,,True,High Signal Region,atlas_hit
chr2:97562720-97563219,chr2,97562720,97563219,,True,High Signal Region,atlas_hit
chrX:93624152-93624651,chrX,93624152,93624651,,True,High Signal Region,atlas_hit
chrX:56765945-56766444,chrX,56765945,56766444,,True,Low Mappability,atlas_hit
chr9:39078606-39079105,chr9,39078606,39079105,,True,High Signal Region,atlas_hit
chrX:74684369-74684868,chrX,74684369,74684868,,True,High Signal Region,atlas_hit
chr2:87685492-87685991,chr2,87685492,87685991,,True,High Signal Region,atlas_hit
chrY:11329678-11330177,chrY,11329678,11330177,,True,High Signal Region,atlas_hit
chr4:49103696-49104195,chr4,49103696,49104195,,True,High Signal Region,atlas_hit
chr5:34220653-34221152,chr5,34220653,34221152,,True,High Signal Region,atlas_hit
chr10:41869240-41869739,chr10,41869240,41869739,,True,High Signal Region,atlas_hit
chr9:39019574-39020073,chr9,39019574,39020073,,True,High Signal Region,atlas_hit
chr17:26986404-26986903,chr17,26986404,26986903,,True,High Signal Region,atlas_hit
chr3:101695730-101696229,chr3,101695730,101696229,,True,High Signal Region,atlas_hit
chr14:19390143-19390642,chr14,19390143,19390642,,True,High Signal Region,atlas_hit
chr3:195955252-195955751,chr3,195955252,195955751,,True,High Signal Region,atlas_hit
chr5:176005184-176005683,chr5,176005184,176005683,,True,High Signal Region,atlas_hit
chr17:43308936-43309435,chr17,43308936,43309435,,True,High Signal Region,atlas_hit
chr15:20646465-20646964,chr15,20646465,20646964,,True,High Signal Region,atlas_hit
chr20:29080052-29080551,chr20,29080052,29080551,,True,High Signal Region,atlas_hit
chrX:10797544-10798043,chrX,10797544,10798043,,True,High Signal Region,atlas_hit
chr2:97195289-97195788,chr2,97195289,97195788,,True,High Signal Region,atlas_hit
chr9:67060385-67060884,chr9,67060385,67060884,,True,High Signal Region,atlas_hit
chr6:332137-332636,chr6,332137,332636,,True,High Signal Region,atlas_hit
chr15:21749054-21749553,chr15,21749054,21749553,,True,High Signal Region,atlas_hit
chr19:58544697-58545196,chr19,58544697,58545196,,True,High Signal Region,atlas_hit
chr2:111356633-111357132,chr2,111356633,111357132,,True,Low Mappability,atlas_hit
chr2:87456375-87456874,chr2,87456375,87456874,,True,High Signal Region,atlas_hit
chrY:11014154-11014653,chrY,11014154,11014653,,True,High Signal Region,atlas_hit
chr3:89360850-89361349,chr3,89360850,89361349,,True,High Signal Region,atlas_hit
chr4:119299267-119299766,chr4,119299267,119299766,,True,High Signal Region,atlas_hit
chr9:40190264-40190763,chr9,40190264,40190763,,True,High Signal Region,atlas_hit
chr4:40317026-40317525,chr4,40317026,40317525,,True,High Signal Region,atlas_hit
chr7:56373298-56373797,chr7,56373298,56373797,,True,High Signal Region,atlas_hit
chr6:346188-346687,chr6,346188,346687,,True,High Signal Region,atlas_hit
chr2:132276483-132276982,chr2,132276483,132276982,,True,High Signal Region,atlas_hit
chr2:97164508-97165007,chr2,97164508,97165007,,True,High Signal Region,atlas_hit
chr3:89360162-89360661,chr3,89360162,89360661,,True,High Signal Region,atlas_hit
chr21:8213096-8213595,chr21,8213096,8213595,,True,High Signal Region,atlas_hit
chrX:63273052-63273551,chrX,63273052,63273551,,True,Low Mappability,atlas_hit
chr4:49098346-49098845,chr4,49098346,49098845,,True,High Signal Region,atlas_hit
chr10:41889294-41889793,chr10,41889294,41889793,,True,High Signal Region,atlas_hit
chr15:22599962-22600461,chr15,22599962,22600461,,True,High Signal Region,atlas_hit
chr15:20378985-20379484,chr15,20378985,20379484,,True,High Signal Region,atlas_hit
chr14:34539480-34539979,chr14,34539480,34539979,,True,High Signal Region,atlas_hit
chr2:113573034-113573533,chr2,113573034,113573533,,True,High Signal Region,atlas_hit
chr3:133559658-133560157,chr3,133559658,133560157,,True,High Signal Region,atlas_hit
chr12:124913866-124914365,chr12,124913866,124914365,,True,High Signal Region,atlas_hit
chrY:11294063-11294562,chrY,11294063,11294562,,True,High Signal Region,atlas_hit
chr17:26594654-26595153,chr17,26594654,26595153,,True,High Signal Region,atlas_hit
chr12:124928248-124928747,chr12,124928248,124928747,,True,High Signal Region,atlas_hit
chr10:41875198-41875697,chr10,41875198,41875697,,True,High Signal Region,atlas_hit
chr2:96010260-96010759,chr2,96010260,96010759,,True,High Signal Region,atlas_hit
chr9:63335178-63335677,chr9,63335178,63335677,,True,High Signal Region,atlas_hit
chr2:91696287-91696786,chr2,91696287,91696786,,True,High Signal Region,atlas_hit
chr5:181206614-181207113,chr5,181206614,181207113,,True,High Signal Region,atlas_hit
chr2:113583804-113584303,chr2,113583804,113584303,,True,High Signal Region,atlas_hit
chr20:28595356-28595855,chr20,28595356,28595855,,True,High Signal Region,atlas_hit
chr4:77997611-77998110,chr4,77997611,77998110,,True,High Signal Region,atlas_hit
chr3:170867139-170867638,chr3,170867139,170867638,,True,High Signal Region,atlas_hit
chr12:401329-401828,chr12,401329,401828,,True,High Signal Region,atlas_hit
chr2:97180338-97180837,chr2,97180338,97180837,,True,High Signal Region,atlas_hit
chr9:63361063-63361562,chr9,63361063,63361562,,True,High Signal Region,atlas_hit
chr2:89910628-89911127,chr2,89910628,89911127,,True,High Signal Region,atlas_hit
chr4:49657349-49657848,chr4,49657349,49657848,,True,High Signal Region,atlas_hit
chr9:40957003-40957502,chr9,40957003,40957502,,True,High Signal Region,atlas_hit
chr9:68367186-68367685,chr9,68367186,68367685,,True,High Signal Region,atlas_hit
chrX:9414384-9414883,chrX,9414384,9414883,,True,High Signal Region,atlas_hit
chr15:21324984-21325483,chr15,21324984,21325483,,True,High Signal Region,atlas_hit
chr2:241590456-241590955,chr2,241590456,241590955,,True,High Signal Region,atlas_hit
chr3:122759386-122759885,chr3,122759386,122759885,,True,High Signal Region,atlas_hit
chr21:6370870-6371369,chr21,6370870,6371369,,True,High Signal Region,atlas_hit
chr15:22224133-22224632,chr15,22224133,22224632,,True,High Signal Region,atlas_hit
chr2:1602148-1602647,chr2,1602148,1602647,,True,High Signal Region,atlas_hit
chr2:97209753-97210252,chr2,97209753,97210252,,True,High Signal Region,atlas_hit
chr3:40224670-40225169,chr3,40224670,40225169,,True,High Signal Region,atlas_hit
chr7:102517539-102518038,chr7,102517539,102518038,,True,High Signal Region,atlas_hit
chr9:62866017-62866516,chr9,62866017,62866516,,True,High Signal Region,atlas_hit
chr9:62882852-62883351,chr9,62882852,62883351,,True,High Signal Region,atlas_hit
chr14:23071336-23071835,chr14,23071336,23071835,,True,High Signal Region,atlas_hit
chr4:49140843-49141342,chr4,49140843,49141342,,True,High Signal Region,atlas_hit
chr19:244196-244695,chr19,244196,244695,,True,High Signal Region,atlas_hit
chr3:133572309-133572808,chr3,133572309,133572808,,True,High Signal Region,atlas_hit
chr7:226596-227095,chr7,226596,227095,,True,High Signal Region,atlas_hit
chr3:195958771-195959270,chr3,195958771,195959270,,True,High Signal Region,atlas_hit
chr4:49510753-49511252,chr4,49510753,49511252,,True,High Signal Region,atlas_hit
chr3:194328300-194328799,chr3,194328300,194328799,,True,High Signal Region,atlas_hit
chr17:22521152-22521651,chr17,22521152,22521651,,True,High Signal Region,atlas_hit
chr7:146001250-146001749,chr7,146001250,146001749,,True,High Signal Region,atlas_hit
chr2:97112262-97112761,chr2,97112262,97112761,,True,High Signal Region,atlas_hit
chr2:87594965-87595464,chr2,87594965,87595464,,True,High Signal Region,atlas_hit
chr15:22238312-22238811,chr15,22238312,22238811,,True,High Signal Region,atlas_hit
chr6:324146-324645,chr6,324146,324645,,True,High Signal Region,atlas_hit
chr12:124939743-124940242,chr12,124939743,124940242,,True,High Signal Region,atlas_hit
chrX:31516479-31516978,chrX,31516479,31516978,,True,High Signal Region,atlas_hit
chr3:122785997-122786496,chr3,122785997,122786496,,True,High Signal Region,atlas_hit
chr19:58554768-58555267,chr19,58554768,58555267,,True,High Signal Region,atlas_hit
chr20:28602696-28603195,chr20,28602696,28603195,,True,High Signal Region,atlas_hit
chr5:49602378-49602877,chr5,49602378,49602877,,True,High Signal Region,atlas_hit
chr18:111616-112115,chr18,111616,112115,,True,High Signal Region,atlas_hit
chrX:31526466-31526965,chrX,31526466,31526965,,True,High Signal Region,atlas_hit
chr16:34574007-34574506,chr16,34574007,34574506,,True,High Signal Region,atlas_hit
chr10:42078357-42078856,chr10,42078357,42078856,,True,High Signal Region,atlas_hit
chr18:20934255-20934754,chr18,20934255,20934754,,True,High Signal Region,atlas_hit
chr22:11284931-11285430,chr22,11284931,11285430,,True,High Signal Region,atlas_hit
chr9:67075551-67076050,chr9,67075551,67076050,,True,High Signal Region,atlas_hit
chr9:41275996-41276495,chr9,41275996,41276495,,True,High Signal Region,atlas_hit
chr18:80262222-80262721,chr18,80262222,80262721,,True,High Signal Region,atlas_hit
chr15:20340218-20340717,chr15,20340218,20340717,,True,High Signal Region,atlas_hit
chr2:111303198-111303697,chr2,111303198,111303697,,True,Low Mappability,atlas_hit
chrX:56765252-56765751,chrX,56765252,56765751,,True,Low Mappability,atlas_hit
chr21:8228479-8228978,chr21,8228479,8228978,,True,High Signal Region,atlas_hit
chr2:113625200-113625699,chr2,113625200,113625699,,True,High Signal Region,atlas_hit
chr19:37304214-37304713,chr19,37304214,37304713,,True,High Signal Region,atlas_hit
chr9:41095066-41095565,chr9,41095066,41095565,,True,High Signal Region,atlas_hit
chr9:40962415-40962914,chr9,40962415,40962914,,True,High Signal Region,atlas_hit
chr15:20324712-20325211,chr15,20324712,20325211,,True,High Signal Region,atlas_hit
chr5:176060927-176061426,chr5,176060927,176061426,,True,High Signal Region,atlas_hit
chrY:10911449-10911948,chrY,10911449,10911948,,True,High Signal Region,atlas_hit
chr7:159335096-159335595,chr7,159335096,159335595,,True,High Signal Region,atlas_hit
chr7:158140200-158140699,chr7,158140200,158140699,,True,High Signal Region,atlas_hit
chr14:19201881-19202380,chr14,19201881,19202380,,True,High Signal Region,atlas_hit
chr9:63817201-63817700,chr9,63817201,63817700,,True,High Signal Region,atlas_hit
chr9:41100462-41100961,chr9,41100462,41100961,,True,High Signal Region,atlas_hit
chr22:12692114-12692613,chr22,12692114,12692613,,True,High Signal Region,atlas_hit
chr15:22292425-22292924,chr15,22292425,22292924,,True,High Signal Region,atlas_hit
chr2:111355292-111355791,chr2,111355292,111355791,,True,Low Mappability,atlas_hit
chr3:195971308-195971807,chr3,195971308,195971807,,True,High Signal Region,atlas_hit
chr2:113602069-113602568,chr2,113602069,113602568,,True,High Signal Region,atlas_hit
chr5:49659638-49660137,chr5,49659638,49660137,,True,High Signal Region,atlas_hit
chr15:22280712-22281211,chr15,22280712,22281211,,True,High Signal Region,atlas_hit
chr3:101676854-101677353,chr3,101676854,101677353,,True,High Signal Region,atlas_hit
chr12:124921527-124922026,chr12,124921527,124922026,,True,High Signal Region,atlas_hit
chr15:20356884-20357383,chr15,20356884,20357383,,True,High Signal Region,atlas_hit
chr9:41741116-41741615,chr9,41741116,41741615,,True,Low Mappability,atlas_hit
chrY:56770909-56771408,chrY,56770909,56771408,,True,High Signal Region,atlas_hit
chr9:68357232-68357731,chr9,68357232,68357731,,True,High Signal Region,atlas_hit
chr7:152399267-152399766,chr7,152399267,152399766,,True,High Signal Region,atlas_hit
chr2:64376846-64377345,chr2,64376846,64377345,,True,High Signal Region,atlas_hit
chr7:235592-236091,chr7,235592,236091,,True,High Signal Region,atlas_hit
chr11:28223438-28223937,chr11,28223438,28223937,,True,High Signal Region,atlas_hit
chr15:22239356-22239855,chr15,22239356,22239855,,True,High Signal Region,atlas_hit
chr2:113655978-113656477,chr2,113655978,113656477,,True,High Signal Region,atlas_hit
chr3:196025995-196026494,chr3,196025995,196026494,,True,High Signal Region,atlas_hit
chrY:11204079-11204578,chrY,11204079,11204578,,True,High Signal Region,atlas_hit
chr3:75658802-75659301,chr3,75658802,75659301,,True,High Signal Region,atlas_hit
chr9:62440187-62440686,chr9,62440187,62440686,,True,High Signal Region,atlas_hit
chr16:34571814-34572313,chr16,34571814,34572313,,True,High Signal Region,atlas_hit
chr14:23081016-23081515,chr14,23081016,23081515,,True,High Signal Region,atlas_hit
chr21:10336562-10337061,chr21,10336562,10337061,,True,High Signal Region,atlas_hit
chr15:72685903-72686402,chr15,72685903,72686402,,True,High Signal Region,atlas_hit
chr14:23079965-23080464,chr14,23079965,23080464,,True,High Signal Region,atlas_hit
chr3:75671980-75672479,chr3,75671980,75672479,,True,High Signal Region,atlas_hit
chr2:110299024-110299523,chr2,110299024,110299523,,True,Low Mappability,atlas_hit
chr4:7863329-7863828,chr4,7863329,7863828,,True,High Signal Region,atlas_hit
chr20:28889043-28889542,chr20,28889043,28889542,,True,High Signal Region,atlas_hit
chr21:8230459-8230958,chr21,8230459,8230958,,True,High Signal Region,atlas_hit
chrX:74680791-74681290,chrX,74680791,74681290,,True,High Signal Region,atlas_hit
chr4:49709165-49709664,chr4,49709165,49709664,,True,High Signal Region,atlas_hit
chr9:62800099-62800598,chr9,62800099,62800598,,True,High Signal Region,atlas_hit
chr3:160941863-160942362,chr3,160941863,160942362,,True,High Signal Region,atlas_hit
chr2:242119610-242120109,chr2,242119610,242120109,,True,High Signal Region,atlas_hit
chr15:22191667-22192166,chr15,22191667,22192166,,True,High Signal Region,atlas_hit
chr2:87477983-87478482,chr2,87477983,87478482,,True,High Signal Region,atlas_hit
chr2:1605111-1605610,chr2,1605111,1605610,,True,High Signal Region,atlas_hit
chr3:197397195-197397694,chr3,197397195,197397694,,True,High Signal Region,atlas_hit
chrX:52216440-52216939,chrX,52216440,52216939,,True,High Signal Region,atlas_hit
chr9:64016784-64017283,chr9,64016784,64017283,,True,High Signal Region,atlas_hit
chr17:26603649-26604148,chr17,26603649,26604148,,True,High Signal Region,atlas_hit
chrX:6938609-6939108,chrX,6938609,6939108,,True,High Signal Region,atlas_hit
chr2:89836265-89836764,chr2,89836265,89836764,,True,High Signal Region,atlas_hit
chr9:41272803-41273302,chr9,41272803,41273302,,True,High Signal Region,atlas_hit
chr20:28824289-28824788,chr20,28824289,28824788,,True,High Signal Region,atlas_hit
chr3:133573379-133573878,chr3,133573379,133573878,,True,High Signal Region,atlas_hit
chr4:146294395-146294894,chr4,146294395,146294894,,True,High Signal Region,atlas_hit
chr7:906900-907399,chr7,906900,907399,,True,Low Mappability,atlas_hit
chr9:40222798-40223297,chr9,40222798,40223297,,True,High Signal Region,atlas_hit
chr15:20102164-20102663,chr15,20102164,20102663,,True,High Signal Region,atlas_hit
chr6:373837-374336,chr6,373837,374336,,True,High Signal Region,atlas_hit
chr3:16178290-16178789,chr3,16178290,16178789,,True,High Signal Region,atlas_hit
chr6:38262655-38263154,chr6,38262655,38263154,,True,High Signal Region,atlas_hit
chr6:324719-325218,chr6,324719,325218,,True,High Signal Region,atlas_hit
chr2:113437447-113437946,chr2,113437447,113437946,,True,High Signal Region,atlas_hit
chr3:40238117-40238616,chr3,40238117,40238616,,True,High Signal Region,atlas_hit
chr7:152411359-152411858,chr7,152411359,152411858,,True,High Signal Region,atlas_hit
chr8:85659972-85660471,chr8,85659972,85660471,,True,High Signal Region,atlas_hit
chr6:44062768-44063267,chr6,44062768,44063267,,True,High Signal Region,atlas_hit
chr9:63823529-63824028,chr9,63823529,63824028,,True,High Signal Region,atlas_hit
chr12:29819405-29819904,chr12,29819405,29819904,,True,High Signal Region,atlas_hit
chr9:39054383-39054882,chr9,39054383,39054882,,True,High Signal Region,atlas_hit
chr5:34179715-34180214,chr5,34179715,34180214,,True,High Signal Region,atlas_hit
chr5:85648461-85648960,chr5,85648461,85648960,,True,High Signal Region,atlas_hit
chr7:152383856-152384355,chr7,152383856,152384355,,True,High Signal Region,atlas_hit
chr9:42386475-42386974,chr9,42386475,42386974,,True,High Signal Region,atlas_hit
chr3:122767642-122768141,chr3,122767642,122768141,,True,High Signal Region,atlas_hit
chr15:22285943-22286442,chr15,22285943,22286442,,True,High Signal Region,atlas_hit
chr18:111080-111579,chr18,111080,111579,,True,High Signal Region,atlas_hit
chr17:25919968-25920467,chr17,25919968,25920467,,True,High Signal Region,atlas_hit
chr4:49633688-49634187,chr4,49633688,49634187,,True,High Signal Region,atlas_hit
chr2:111401720-111402219,chr2,111401720,111402219,,True,Low Mappability,atlas_hit
chr16:46383100-46383599,chr16,46383100,46383599,,True,High Signal Region,atlas_hit
chr2:113604081-113604580,chr2,113604081,113604580,,True,High Signal Region,atlas_hit
chr12:124915024-124915523,chr12,124915024,124915523,,True,High Signal Region,atlas_hit
chr9:63289921-63290420,chr9,63289921,63290420,,True,High Signal Region,atlas_hit
chr20:28897886-28898385,chr20,28897886,28898385,,True,High Signal Region,atlas_hit
chr20:31075190-31075689,chr20,31075190,31075689,,True,High Signal Region,atlas_hit
chr12:29824548-29825047,chr12,29824548,29825047,,True,High Signal Region,atlas_hit
chr8:144137495-144137994,chr8,144137495,144137994,,True,High Signal Region,atlas_hit
chr3:122415269-122415768,chr3,122415269,122415768,,True,High Signal Region,atlas_hit
chr2:113437953-113438452,chr2,113437953,113438452,,True,High Signal Region,atlas_hit
chr14:19214174-19214673,chr14,19214174,19214673,,True,High Signal Region,atlas_hit
chr2:132257745-132258244,chr2,132257745,132258244,,True,High Signal Region,atlas_hit
chrY:10796432-10796931,chrY,10796432,10796931,,True,High Signal Region,atlas_hit
chr21:10148199-10148698,chr21,10148199,10148698,,True,High Signal Region,atlas_hit
chr4:190067396-190067895,chr4,190067396,190067895,,True,High Signal Region,atlas_hit
chr3:101687000-101687499,chr3,101687000,101687499,,True,High Signal Region,atlas_hit
chr21:10325580-10326079,chr21,10325580,10326079,,True,High Signal Region,atlas_hit
chr12:406780-407279,chr12,406780,407279,,True,High Signal Region,atlas_hit
chr6:363956-364455,chr6,363956,364455,,True,High Signal Region,atlas_hit
chr3:170869958-170870457,chr3,170869958,170870457,,True,High Signal Region,atlas_hit
chr9:62850272-62850771,chr9,62850272,62850771,,True,High Signal Region,atlas_hit
chr9:62882188-62882687,chr9,62882188,62882687,,True,High Signal Region,atlas_hit
chr9:64452075-64452574,chr9,64452075,64452574,,True,High Signal Region,atlas_hit
chr9:137326640-137327139,chr9,137326640,137327139,,True,High Signal Region,atlas_hit
chr19:58573354-58573853,chr19,58573354,58573853,,True,High Signal Region,atlas_hit
chr6:333339-333838,chr6,333339,333838,,True,High Signal Region,atlas_hit
chr9:41531430-41531929,chr9,41531430,41531929,,True,High Signal Region,atlas_hit
chr6:44044112-44044611,chr6,44044112,44044611,,True,High Signal Region,atlas_hit
chr3:197662167-197662666,chr3,197662167,197662666,,True,High Signal Region,atlas_hit
chr10:41903281-41903780,chr10,41903281,41903780,,True,High Signal Region,atlas_hit
chr16:34098981-34099480,chr16,34098981,34099480,,True,High Signal Region,atlas_hit
chr17:21988480-21988979,chr17,21988480,21988979,,True,High Signal Region,atlas_hit
chr18:108982-109481,chr18,108982,109481,,True,High Signal Region,atlas_hit
chr17:21990713-21991212,chr17,21990713,21991212,,True,High Signal Region,atlas_hit
chr2:94252752-94253251,chr2,94252752,94253251,,True,High Signal Region,atlas_hit
chr5:181181871-181182370,chr5,181181871,181182370,,True,High Signal Region,atlas_hit
chr2:97359777-97360276,chr2,97359777,97360276,,True,High Signal Region,atlas_hit
chr4:40306467-40306966,chr4,40306467,40306966,,True,High Signal Region,atlas_hit
chr7:152419918-152420417,chr7,152419918,152420417,,True,High Signal Region,atlas_hit
chr5:49660816-49661315,chr5,49660816,49661315,,True,High Signal Region,atlas_hit
chr15:20371189-20371688,chr15,20371189,20371688,,True,High Signal Region,atlas_hit
chrX:63250210-63250709,chrX,63250210,63250709,,True,Low Mappability,atlas_hit
chr19:58575760-58576259,chr19,58575760,58576259,,True,High Signal Region,atlas_hit
chr7:158595010-158595509,chr7,158595010,158595509,,True,High Signal Region,atlas_hit
chr12:124432334-124432833,chr12,124432334,124432833,,True,High Signal Region,atlas_hit
chr3:75641606-75642105,chr3,75641606,75642105,,True,High Signal Region,atlas_hit
chr21:43277982-43278481,chr21,43277982,43278481,,True,High Signal Region,atlas_hit
chr6:307355-307854,chr6,307355,307854,,True,High Signal Region,atlas_hit
chr6:305539-306038,chr6,305539,306038,,True,High Signal Region,atlas_hit
chr12:124938982-124939481,chr12,124938982,124939481,,True,High Signal Region,atlas_hit
chrX:74705178-74705677,chrX,74705178,74705677,,True,High Signal Region,atlas_hit
chr9:62864349-62864848,chr9,62864349,62864848,,True,High Signal Region,atlas_hit
chr4:49119993-49120492,chr4,49119993,49120492,,True,High Signal Region,atlas_hit
chr3:157091418-157091917,chr3,157091418,157091917,,True,High Signal Region,atlas_hit
chr2:110068106-110068605,chr2,110068106,110068605,,True,High Signal Region,atlas_hit
chr2:113386721-113387220,chr2,113386721,113387220,,True,High Signal Region,atlas_hit
chrX:31515799-31516298,chrX,31515799,31516298,,True,High Signal Region,atlas_hit
chr5:181232491-181232990,chr5,181232491,181232990,,True,High Signal Region,atlas_hit
chr5:85646615-85647114,chr5,85646615,85647114,,True,High Signal Region,atlas_hit
chr2:64367728-64368227,chr2,64367728,64368227,,True,High Signal Region,atlas_hit
chr9:39085425-39085924,chr9,39085425,39085924,,True,High Signal Region,atlas_hit
chr9:41064477-41064976,chr9,41064477,41064976,,True,High Signal Region,atlas_hit
chr6:293318-293817,chr6,293318,293817,,True,High Signal Region,atlas_hit
chr3:197397727-197398226,chr3,197397727,197398226,,True,High Signal Region,atlas_hit
chr9:42377840-42378339,chr9,42377840,42378339,,True,High Signal Region,atlas_hit
chr2:96063310-96063809,chr2,96063310,96063809,,True,High Signal Region,atlas_hit
chr4:49511473-49511972,chr4,49511473,49511972,,True,High Signal Region,atlas_hit
chr2:94254979-94255478,chr2,94254979,94255478,,True,High Signal Region,atlas_hit
chr2:94266671-94267170,chr2,94266671,94267170,,True,High Signal Region,atlas_hit
chr4:49639193-49639692,chr4,49639193,49639692,,True,High Signal Region,atlas_hit
chr9:41779889-41780388,chr9,41779889,41780388,,True,Low Mappability,atlas_hit
chr2:113583273-113583772,chr2,113583273,113583772,,True,High Signal Region,atlas_hit
chr2:89767136-89767635,chr2,89767136,89767635,,True,High Signal Region,atlas_hit
chr5:63325242-63325741,chr5,63325242,63325741,,True,High Signal Region,atlas_hit
chr3:122794801-122795300,chr3,122794801,122795300,,True,High Signal Region,atlas_hit
chr5:181187496-181187995,chr5,181187496,181187995,,True,High Signal Region,atlas_hit
chr12:113081146-113081645,chr12,113081146,113081645,,True,High Signal Region,atlas_hit
chr6:328006-328505,chr6,328006,328505,,True,High Signal Region,atlas_hit
chr2:87469423-87469922,chr2,87469423,87469922,,True,High Signal Region,atlas_hit
chr2:113620947-113621446,chr2,113620947,113621446,,True,High Signal Region,atlas_hit
chr21:9324423-9324922,chr21,9324423,9324922,,True,High Signal Region,atlas_hit
chrX:153307760-153308259,chrX,153307760,153308259,,True,High Signal Region,atlas_hit
chr1:633780-634279,chr1,633780,634279,,True,High Signal Region,atlas_hit
chr21:5101714-5102213,chr21,5101714,5102213,,True,High Signal Region,atlas_hit
chr5:181246206-181246705,chr5,181246206,181246705,,True,High Signal Region,atlas_hit
chr9:63346310-63346809,chr9,63346310,63346809,,True,High Signal Region,atlas_hit
chr19:58572604-58573103,chr19,58572604,58573103,,True,High Signal Region,atlas_hit
chrX:51209074-51209573,chrX,51209074,51209573,,True,High Signal Region,atlas_hit
chr14:23068809-23069308,chr14,23068809,23069308,,True,High Signal Region,atlas_hit
chrX:56759436-56759935,chrX,56759436,56759935,,True,Low Mappability,atlas_hit
chr4:190111114-190111613,chr4,190111114,190111613,,True,High Signal Region,atlas_hit
chr9:63781407-63781906,chr9,63781407,63781906,,True,High Signal Region,atlas_hit
chr15:20192969-20193468,chr15,20192969,20193468,,True,High Signal Region,atlas_hit
chr2:87637545-87638044,chr2,87637545,87638044,,True,High Signal Region,atlas_hit
chr15:22277736-22278235,chr15,22277736,22278235,,True,High Signal Region,atlas_hit
chr22:11348151-11348650,chr22,11348151,11348650,,True,High Signal Region,atlas_hit
chr9:41798603-41799102,chr9,41798603,41799102,,True,Low Mappability,atlas_hit
chr5:181261797-181262296,chr5,181261797,181262296,,True,High Signal Region,atlas_hit
chr3:194330605-194331104,chr3,194330605,194331104,,True,High Signal Region,atlas_hit
chr10:42312150-42312649,chr10,42312150,42312649,,True,High Signal Region,atlas_hit
chr5:181243952-181244451,chr5,181243952,181244451,,True,High Signal Region,atlas_hit
chr6:312966-313465,chr6,312966,313465,,True,High Signal Region,atlas_hit
chr3:49689262-49689761,chr3,49689262,49689761,,True,High Signal Region,atlas_hit
chr3:197603260-197603759,chr3,197603260,197603759,,True,High Signal Region,atlas_hit
chrX:140722987-140723486,chrX,140722987,140723486,,True,High Signal Region,atlas_hit
chr5:17599964-17600463,chr5,17599964,17600463,,True,High Signal Region,atlas_hit
chr19:27378820-27379319,chr19,27378820,27379319,,True,High Signal Region,atlas_hit
chr9:134170696-134171195,chr9,134170696,134171195,,True,High Signal Region,atlas_hit
chr3:197664559-197665058,chr3,197664559,197665058,,True,High Signal Region,atlas_hit
chr8:7221566-7222065,chr8,7221566,7222065,,True,High Signal Region,atlas_hit
chr6:44051474-44051973,chr6,44051474,44051973,,True,High Signal Region,atlas_hit
chrY:26663475-26663974,chrY,26663475,26663974,,True,High Signal Region,atlas_hit
chr9:67069608-67070107,chr9,67069608,67070107,,True,High Signal Region,atlas_hit
chr6:319656-320155,chr6,319656,320155,,True,High Signal Region,atlas_hit
chr11:10510984-10511483,chr11,10510984,10511483,,True,High Signal Region,atlas_hit
chr9:68330718-68331217,chr9,68330718,68331217,,True,High Signal Region,atlas_hit
chr9:66805526-66806025,chr9,66805526,66806025,,True,High Signal Region,atlas_hit
chr4:49152983-49153482,chr4,49152983,49153482,,True,High Signal Region,atlas_hit
chr10:38573251-38573750,chr10,38573251,38573750,,True,High Signal Region,atlas_hit
chr6:44047169-44047668,chr6,44047169,44047668,,True,High Signal Region,atlas_hit
chr14:16096026-16096525,chr14,16096026,16096525,,True,High Signal Region,atlas_hit
chr4:119300418-119300917,chr4,119300418,119300917,,True,High Signal Region,atlas_hit
chr15:101980848-101981347,chr15,101980848,101981347,,True,High Signal Region,atlas_hit
chr5:181222273-181222772,chr5,181222273,181222772,,True,High Signal Region,atlas_hit
chr22:21455698-21456197,chr22,21455698,21456197,,True,High Signal Region,atlas_hit
chr2:113636692-113637191,chr2,113636692,113637191,,True,High Signal Region,atlas_hit
chr15:22544264-22544763,chr15,22544264,22544763,,True,High Signal Region,atlas_hit
chrY:56763271-56763770,chrY,56763271,56763770,,True,High Signal Region,atlas_hit
chr9:63816643-63817142,chr9,63816643,63817142,,True,High Signal Region,atlas_hit
chr5:74685956-74686455,chr5,74685956,74686455,,True,High Signal Region,atlas_hit
chr5:181200398-181200897,chr5,181200398,181200897,,True,High Signal Region,atlas_hit
chr18:15407541-15408040,chr18,15407541,15408040,,True,High Signal Region,atlas_hit
chr2:1601380-1601879,chr2,1601380,1601879,,True,High Signal Region,atlas_hit
chr10:41911556-41912055,chr10,41911556,41912055,,True,High Signal Region,atlas_hit
chr5:34192294-34192793,chr5,34192294,34192793,,True,High Signal Region,atlas_hit
chr9:62871587-62872086,chr9,62871587,62872086,,True,High Signal Region,atlas_hit
chr15:84500980-84501479,chr15,84500980,84501479,,True,High Signal Region,atlas_hit
chr5:181204962-181205461,chr5,181204962,181205461,,True,High Signal Region,atlas_hit
chr10:38912025-38912524,chr10,38912025,38912524,,True,High Signal Region,atlas_hit
chr21:10019746-10020245,chr21,10019746,10020245,,True,High Signal Region,atlas_hit
chr15:20209906-20210405,chr15,20209906,20210405,,True,High Signal Region,atlas_hit
chr6:257254-257753,chr6,257254,257753,,True,High Signal Region,atlas_hit
chr2:113415583-113416082,chr2,113415583,113416082,,True,High Signal Region,atlas_hit
chr9:67711398-67711897,chr9,67711398,67711897,,True,High Signal Region,atlas_hit
chr2:87687849-87688348,chr2,87687849,87688348,,True,High Signal Region,atlas_hit
chr2:113503566-113504065,chr2,113503566,113504065,,True,High Signal Region,atlas_hit
chr11:61102205-61102704,chr11,61102205,61102704,,True,High Signal Region,atlas_hit
chr15:20357855-20358354,chr15,20357855,20358354,,True,High Signal Region,atlas_hit
chr2:32865511-32866010,chr2,32865511,32866010,,True,High Signal Region,atlas_hit
chr9:134164290-134164789,chr9,134164290,134164789,,True,High Signal Region,atlas_hit
chr5:34200377-34200876,chr5,34200377,34200876,,True,High Signal Region,atlas_hit
chr3:97911472-97911971,chr3,97911472,97911971,,True,High Signal Region,atlas_hit
chr9:62801809-62802308,chr9,62801809,62802308,,True,High Signal Region,atlas_hit
chr9:66068373-66068872,chr9,66068373,66068872,,True,High Signal Region,atlas_hit
chr9:68383753-68384252,chr9,68383753,68384252,,True,High Signal Region,atlas_hit
chrX:31524026-31524525,chrX,31524026,31524525,,True,High Signal Region,atlas_hit
chr9:62863285-62863784,chr9,62863285,62863784,,True,High Signal Region,atlas_hit
chr15:20380007-20380506,chr15,20380007,20380506,,True,High Signal Region,atlas_hit
chr2:91589619-91590118,chr2,91589619,91590118,,True,High Signal Region,atlas_hit
chr11:28230663-28231162,chr11,28230663,28231162,,True,High Signal Region,atlas_hit
chr3:197677120-197677619,chr3,197677120,197677619,,True,High Signal Region,atlas_hit
chr2:111266907-111267406,chr2,111266907,111267406,,True,Low Mappability,atlas_hit
chrX:86066976-86067475,chrX,86066976,86067475,,True,High Signal Region,atlas_hit
chr2:97202790-97203289,chr2,97202790,97203289,,True,High Signal Region,atlas_hit
chrY:11531759-11532258,chrY,11531759,11532258,,True,High Signal Region,atlas_hit
chr2:130641705-130642204,chr2,130641705,130642204,,True,High Signal Region,atlas_hit
chr3:161009497-161009996,chr3,161009497,161009996,,True,High Signal Region,atlas_hit
chr2:91786062-91786561,chr2,91786062,91786561,,True,Low Mappability,atlas_hit
chr9:39069195-39069694,chr9,39069195,39069694,,True,High Signal Region,atlas_hit
chrY:11539093-11539592,chrY,11539093,11539592,,True,High Signal Region,atlas_hit
chr5:181190306-181190805,chr5,181190306,181190805,,True,High Signal Region,atlas_hit
chr3:89363930-89364429,chr3,89363930,89364429,,True,High Signal Region,atlas_hit
chr14:23035245-23035744,chr14,23035245,23035744,,True,High Signal Region,atlas_hit
chr9:41679255-41679754,chr9,41679255,41679754,,True,Low Mappability,atlas_hit
chr2:87075726-87076225,chr2,87075726,87076225,,True,Low Mappability,atlas_hit
chr9:41101131-41101630,chr9,41101131,41101630,,True,High Signal Region,atlas_hit
chr9:68355906-68356405,chr9,68355906,68356405,,True,High Signal Region,atlas_hit
chr4:9835-10334,chr4,9835,10334,,True,High Signal Region,atlas_hit
chr4:49321391-49321890,chr4,49321391,49321890,,True,High Signal Region,atlas_hit
chr9:66812767-66813266,chr9,66812767,66813266,,True,High Signal Region,atlas_hit
chr9:41093975-41094474,chr9,41093975,41094474,,True,High Signal Region,atlas_hit
chr3:122768266-122768765,chr3,122768266,122768765,,True,High Signal Region,atlas_hit
chr9:64470619-64471118,chr9,64470619,64471118,,True,High Signal Region,atlas_hit
chr21:10272330-10272829,chr21,10272330,10272829,,True,High Signal Region,atlas_hit
chr2:89767647-89768146,chr2,89767647,89768146,,True,High Signal Region,atlas_hit
chr2:10954961-10955460,chr2,10954961,10955460,,True,High Signal Region,atlas_hit
chr20:31053727-31054226,chr20,31053727,31054226,,True,High Signal Region,atlas_hit
chr9:67088648-67089147,chr9,67088648,67089147,,True,High Signal Region,atlas_hit
chr6:61322791-61323290,chr6,61322791,61323290,,True,High Signal Region,atlas_hit
chr9:63338217-63338716,chr9,63338217,63338716,,True,High Signal Region,atlas_hit
chrX:74959247-74959746,chrX,74959247,74959746,,True,High Signal Region,atlas_hit
chr14:34554889-34555388,chr14,34554889,34555388,,True,High Signal Region,atlas_hit
chr4:190122580-190123079,chr4,190122580,190123079,,True,High Signal Region,atlas_hit
chr2:91683308-91683807,chr2,91683308,91683807,,True,High Signal Region,atlas_hit
chr7:158143111-158143610,chr7,158143111,158143610,,True,High Signal Region,atlas_hit
chr19:267279-267778,chr19,267279,267778,,True,High Signal Region,atlas_hit
chr17:19112041-19112540,chr17,19112041,19112540,,True,High Signal Region,atlas_hit
chr5:134925466-134925965,chr5,134925466,134925965,,True,High Signal Region,atlas_hit
chr9:41086141-41086640,chr9,41086141,41086640,,True,High Signal Region,atlas_hit
chr2:88801985-88802484,chr2,88801985,88802484,,True,High Signal Region,atlas_hit
chr3:157087759-157088258,chr3,157087759,157088258,,True,High Signal Region,atlas_hit
chr19:246396-246895,chr19,246396,246895,,True,High Signal Region,atlas_hit
chr4:49149520-49150019,chr4,49149520,49150019,,True,High Signal Region,atlas_hit
chr14:23076807-23077306,chr14,23076807,23077306,,True,High Signal Region,atlas_hit
chrX:53768337-53768836,chrX,53768337,53768836,,True,High Signal Region,atlas_hit
chrY:11333728-11334227,chrY,11333728,11334227,,True,High Signal Region,atlas_hit
chr5:74704396-74704895,chr5,74704396,74704895,,True,High Signal Region,atlas_hit
chr22:11213995-11214494,chr22,11213995,11214494,,True,High Signal Region,atlas_hit
chr2:112433445-112433944,chr2,112433445,112433944,,True,Low Mappability,atlas_hit
chr14:23078638-23079137,chr14,23078638,23079137,,True,High Signal Region,atlas_hit
chr2:113542004-113542503,chr2,113542004,113542503,,True,High Signal Region,atlas_hit
chr9:41073872-41074371,chr9,41073872,41074371,,True,High Signal Region,atlas_hit
chr11:28219355-28219854,chr11,28219355,28219854,,True,High Signal Region,atlas_hit
chr8:141873027-141873526,chr8,141873027,141873526,,True,High Signal Region,atlas_hit
chr4:40301641-40302140,chr4,40301641,40302140,,True,High Signal Region,atlas_hit
chr1:143254586-143255085,chr1,143254586,143255085,,True,High Signal Region,atlas_hit
chr2:113527572-113528071,chr2,113527572,113528071,,True,High Signal Region,atlas_hit
chr9:63893766-63894265,chr9,63893766,63894265,,True,High Signal Region,atlas_hit
chr15:84500100-84500599,chr15,84500100,84500599,,True,High Signal Region,atlas_hit
chr2:94255503-94256002,chr2,94255503,94256002,,True,High Signal Region,atlas_hit
chr9:64369058-64369557,chr9,64369058,64369557,,True,High Signal Region,atlas_hit
chrX:86047370-86047869,chrX,86047370,86047869,,True,High Signal Region,atlas_hit
chr15:22287026-22287525,chr15,22287026,22287525,,True,High Signal Region,atlas_hit
chrX:31517363-31517862,chrX,31517363,31517862,,True,High Signal Region,atlas_hit
chr9:68356464-68356963,chr9,68356464,68356963,,True,High Signal Region,atlas_hit
chr8:81841666-81842165,chr8,81841666,81842165,,True,High Signal Region,atlas_hit
chr16:34096883-34097382,chr16,34096883,34097382,,True,High Signal Region,atlas_hit
chr11:28209553-28210052,chr11,28209553,28210052,,True,High Signal Region,atlas_hit
chr7:102479907-102480406,chr7,102479907,102480406,,True,High Signal Region,atlas_hit
chrY:11556868-11557367,chrY,11556868,11557367,,True,High Signal Region,atlas_hit
chr6:44079051-44079550,chr6,44079051,44079550,,True,High Signal Region,atlas_hit
chr15:30470763-30471262,chr15,30470763,30471262,,True,High Signal Region,atlas_hit
chr2:113370432-113370931,chr2,113370432,113370931,,True,High Signal Region,atlas_hit
chrY:56734541-56735040,chrY,56734541,56735040,,True,High Signal Region,atlas_hit
chr3:15601318-15601817,chr3,15601318,15601817,,True,High Signal Region,atlas_hit
chr5:100055249-100055748,chr5,100055249,100055748,,True,High Signal Region,atlas_hit
chr3:75671292-75671791,chr3,75671292,75671791,,True,High Signal Region,atlas_hit
chr2:97142669-97143168,chr2,97142669,97143168,,True,High Signal Region,atlas_hit
chr3:103230800-103231299,chr3,103230800,103231299,,True,High Signal Region,atlas_hit
chr9:62838111-62838610,chr9,62838111,62838610,,True,High Signal Region,atlas_hit
chr2:91686022-91686521,chr2,91686022,91686521,,True,High Signal Region,atlas_hit
chr17:19110944-19111443,chr17,19110944,19111443,,True,High Signal Region,atlas_hit
chrX:142900557-142901056,chrX,142900557,142901056,,True,High Signal Region,atlas_hit
chr4:40308166-40308665,chr4,40308166,40308665,,True,High Signal Region,atlas_hit
chr3:194323754-194324253,chr3,194323754,194324253,,True,High Signal Region,atlas_hit
chr15:22274557-22275056,chr15,22274557,22275056,,True,High Signal Region,atlas_hit
chr15:20367608-20368107,chr15,20367608,20368107,,True,High Signal Region,atlas_hit
chr1:191227-191726,chr1,191227,191726,,True,High Signal Region,atlas_hit
chr3:38425863-38426362,chr3,38425863,38426362,,True,High Signal Region,atlas_hit
chr2:87380013-87380512,chr2,87380013,87380512,,True,High Signal Region,atlas_hit
chr15:22233173-22233672,chr15,22233173,22233672,,True,High Signal Region,atlas_hit
chr4:49709813-49710312,chr4,49709813,49710312,,True,High Signal Region,atlas_hit
chr10:42083296-42083795,chr10,42083296,42083795,,True,High Signal Region,atlas_hit
chr17:21972860-21973359,chr17,21972860,21973359,,True,High Signal Region,atlas_hit
chr5:181218098-181218597,chr5,181218098,181218597,,True,High Signal Region,atlas_hit
chr4:40316286-40316785,chr4,40316286,40316785,,True,High Signal Region,atlas_hit
chr11:94238144-94238643,chr11,94238144,94238643,,True,High Signal Region,atlas_hit
chr8:43253577-43254076,chr8,43253577,43254076,,True,High Signal Region,atlas_hit
chr9:64774769-64775268,chr9,64774769,64775268,,True,High Signal Region,atlas_hit
chr3:9778-10277,chr3,9778,10277,,True,High Signal Region,atlas_hit
chr2:97113524-97114023,chr2,97113524,97114023,,True,High Signal Region,atlas_hit
chr10:41886934-41887433,chr10,41886934,41887433,,True,High Signal Region,atlas_hit
chr3:90499021-90499520,chr3,90499021,90499520,,True,High Signal Region,atlas_hit
chr5:181191585-181192084,chr5,181191585,181192084,,True,High Signal Region,atlas_hit
chr5:175908037-175908536,chr5,175908037,175908536,,True,High Signal Region,atlas_hit
chrY:11302090-11302589,chrY,11302090,11302589,,True,High Signal Region,atlas_hit
chr7:102606411-102606910,chr7,102606411,102606910,,True,High Signal Region,atlas_hit
chrX:132292714-132293213,chrX,132292714,132293213,,True,High Signal Region,atlas_hit
chrX:10792687-10793186,chrX,10792687,10793186,,True,High Signal Region,atlas_hit
chr2:87521440-87521939,chr2,87521440,87521939,,True,High Signal Region,atlas_hit
chr17:19063567-19064066,chr17,19063567,19064066,,True,High Signal Region,atlas_hit
chr2:94245383-94245882,chr2,94245383,94245882,,True,High Signal Region,atlas_hit
chr3:170870593-170871092,chr3,170870593,170871092,,True,High Signal Region,atlas_hit
chr2:111416011-111416510,chr2,111416011,111416510,,True,Low Mappability,atlas_hit
chrX:132295019-132295518,chrX,132295019,132295518,,True,High Signal Region,atlas_hit
chr7:158137834-158138333,chr7,158137834,158138333,,True,High Signal Region,atlas_hit
chr3:171633924-171634423,chr3,171633924,171634423,,True,High Signal Region,atlas_hit
chr20:31074003-31074502,chr20,31074003,31074502,,True,High Signal Region,atlas_hit
chr17:21976210-21976709,chr17,21976210,21976709,,True,High Signal Region,atlas_hit
chr2:113376880-113377379,chr2,113376880,113377379,,True,High Signal Region,atlas_hit
chr5:175967941-175968440,chr5,175967941,175968440,,True,High Signal Region,atlas_hit
chr2:241589667-241590166,chr2,241589667,241590166,,True,High Signal Region,atlas_hit
chr3:15202633-15203132,chr3,15202633,15203132,,True,High Signal Region,atlas_hit
chr9:66812014-66812513,chr9,66812014,66812513,,True,High Signal Region,atlas_hit
chr11:61089700-61090199,chr11,61089700,61090199,,True,High Signal Region,atlas_hit
chr9:42379603-42380102,chr9,42379603,42380102,,True,High Signal Region,atlas_hit
chr18:80257749-80258248,chr18,80257749,80258248,,True,High Signal Region,atlas_hit
chr7:158913075-158913574,chr7,158913075,158913574,,True,High Signal Region,atlas_hit
chrY:11323201-11323700,chrY,11323201,11323700,,True,High Signal Region,atlas_hit
chr6:271230-271729,chr6,271230,271729,,True,High Signal Region,atlas_hit
chr5:34185461-34185960,chr5,34185461,34185960,,True,High Signal Region,atlas_hit
chr5:181207522-181208021,chr5,181207522,181208021,,True,High Signal Region,atlas_hit
chr9:61974420-61974919,chr9,61974420,61974919,,True,High Signal Region,atlas_hit
chr9:40753251-40753750,chr9,40753251,40753750,,True,High Signal Region,atlas_hit
chrX:63275083-63275582,chrX,63275083,63275582,,True,Low Mappability,atlas_hit
chr12:124938437-124938936,chr12,124938437,124938936,,True,High Signal Region,atlas_hit
chr4:49110504-49111003,chr4,49110504,49111003,,True,High Signal Region,atlas_hit
chr9:41087334-41087833,chr9,41087334,41087833,,True,High Signal Region,atlas_hit
chr18:2854109-2854608,chr18,2854109,2854608,,True,High Signal Region,atlas_hit
chr4:7862716-7863215,chr4,7862716,7863215,,True,High Signal Region,atlas_hit
chr9:40947880-40948379,chr9,40947880,40948379,,True,High Signal Region,atlas_hit
chr18:49606-50105,chr18,49606,50105,,True,High Signal Region,atlas_hit
chr3:49671635-49672134,chr3,49671635,49672134,,True,High Signal Region,atlas_hit
chr9:63859529-63860028,chr9,63859529,63860028,,True,High Signal Region,atlas_hit
chr9:41788814-41789313,chr9,41788814,41789313,,True,Low Mappability,atlas_hit
chr17:19237104-19237603,chr17,19237104,19237603,,True,High Signal Region,atlas_hit
chr9:68366451-68366950,chr9,68366451,68366950,,True,High Signal Region,atlas_hit
chr9:42402881-42403380,chr9,42402881,42403380,,True,High Signal Region,atlas_hit
chr16:46388483-46388982,chr16,46388483,46388982,,True,High Signal Region,atlas_hit
chr3:171632643-171633142,chr3,171632643,171633142,,True,High Signal Region,atlas_hit
chr21:7257847-7258346,chr21,7257847,7258346,,True,High Signal Region,atlas_hit
chr22:11341332-11341831,chr22,11341332,11341831,,True,High Signal Region,atlas_hit
chr9:134176296-134176795,chr9,134176296,134176795,,True,High Signal Region,atlas_hit
chr9:41663447-41663946,chr9,41663447,41663946,,True,Low Mappability,atlas_hit
chr21:9245944-9246443,chr21,9245944,9246443,,True,High Signal Region,atlas_hit
chr6:303304-303803,chr6,303304,303803,,True,High Signal Region,atlas_hit
chr22:18528957-18529456,chr22,18528957,18529456,,True,High Signal Region,atlas_hit
chr3:197031316-197031815,chr3,197031316,197031815,,True,High Signal Region,atlas_hit
chr17:43315401-43315900,chr17,43315401,43315900,,True,High Signal Region,atlas_hit
chr2:3179205-3179704,chr2,3179205,3179704,,True,High Signal Region,atlas_hit
chr7:102610399-102610898,chr7,102610399,102610898,,True,High Signal Region,atlas_hit
chr11:61109054-61109553,chr11,61109054,61109553,,True,High Signal Region,atlas_hit
chr6:38261910-38262409,chr6,38261910,38262409,,True,High Signal Region,atlas_hit
chr4:49092557-49093056,chr4,49092557,49093056,,True,High Signal Region,atlas_hit
chr2:64374856-64375355,chr2,64374856,64375355,,True,High Signal Region,atlas_hit
chrY:56677707-56678206,chrY,56677707,56678206,,True,High Signal Region,atlas_hit
chr15:20372908-20373407,chr15,20372908,20373407,,True,High Signal Region,atlas_hit
chr14:105223211-105223710,chr14,105223211,105223710,,True,High Signal Region,atlas_hit
chr10:133689184-133689683,chr10,133689184,133689683,,True,High Signal Region,atlas_hit
chrX:153299975-153300474,chrX,153299975,153300474,,True,High Signal Region,atlas_hit
chr16:34582863-34583362,chr16,34582863,34583362,,True,High Signal Region,atlas_hit
chr2:91477465-91477964,chr2,91477465,91477964,,True,High Signal Region,atlas_hit
chrY:10999671-11000170,chrY,10999671,11000170,,True,High Signal Region,atlas_hit
chr22:11829377-11829876,chr22,11829377,11829876,,True,High Signal Region,atlas_hit
chr4:49140309-49140808,chr4,49140309,49140808,,True,High Signal Region,atlas_hit
chr3:90491013-90491512,chr3,90491013,90491512,,True,High Signal Region,atlas_hit
chr1:125179928-125180427,chr1,125179928,125180427,,True,High Signal Region,atlas_hit
chr9:41008717-41009216,chr9,41008717,41009216,,True,High Signal Region,atlas_hit
chrY:11293343-11293842,chrY,11293343,11293842,,True,High Signal Region,atlas_hit
chr6:292464-292963,chr6,292464,292963,,True,High Signal Region,atlas_hit
chr16:46389502-46390001,chr16,46389502,46390001,,True,High Signal Region,atlas_hit
chr2:97143964-97144463,chr2,97143964,97144463,,True,High Signal Region,atlas_hit
chr15:22261078-22261577,chr15,22261078,22261577,,True,High Signal Region,atlas_hit
chr4:49512177-49512676,chr4,49512177,49512676,,True,High Signal Region,atlas_hit
chr15:22279240-22279739,chr15,22279240,22279739,,True,High Signal Region,atlas_hit
chr2:96022652-96023151,chr2,96022652,96023151,,True,High Signal Region,atlas_hit
chr14:23069371-23069870,chr14,23069371,23069870,,True,High Signal Region,atlas_hit
chr5:181182516-181183015,chr5,181182516,181183015,,True,High Signal Region,atlas_hit
chr9:62873458-62873957,chr9,62873458,62873957,,True,High Signal Region,atlas_hit
chr11:28227558-28228057,chr11,28227558,28228057,,True,High Signal Region,atlas_hit
chr9:62439658-62440157,chr9,62439658,62440157,,True,High Signal Region,atlas_hit
chr16:34071356-34071855,chr16,34071356,34071855,,True,High Signal Region,atlas_hit
chr9:134164804-134165303,chr9,134164804,134165303,,True,High Signal Region,atlas_hit
chr9:63822979-63823478,chr9,63822979,63823478,,True,High Signal Region,atlas_hit
chr9:137720732-137721231,chr9,137720732,137721231,,True,Low Mappability,atlas_hit
chr6:170376710-170377209,chr6,170376710,170377209,,True,High Signal Region,atlas_hit
chr5:34205300-34205799,chr5,34205300,34205799,,True,High Signal Region,atlas_hit
chr3:49674069-49674568,chr3,49674069,49674568,,True,High Signal Region,atlas_hit
chr9:62897744-62898243,chr9,62897744,62898243,,True,High Signal Region,atlas_hit
chr2:97222176-97222675,chr2,97222176,97222675,,True,High Signal Region,atlas_hit
chr6:306810-307309,chr6,306810,307309,,True,High Signal Region,atlas_hit
chr4:49286820-49287319,chr4,49286820,49287319,,True,High Signal Region,atlas_hit
chr1:143194742-143195241,chr1,143194742,143195241,,True,High Signal Region,atlas_hit
chr7:100966240-100966739,chr7,100966240,100966739,,True,High Signal Region,atlas_hit
chr9:41011460-41011959,chr9,41011460,41011959,,True,High Signal Region,atlas_hit
chr9:40221552-40222051,chr9,40221552,40222051,,True,High Signal Region,atlas_hit
chr3:15198645-15199144,chr3,15198645,15199144,,True,High Signal Region,atlas_hit
chr9:67712916-67713415,chr9,67712916,67713415,,True,High Signal Region,atlas_hit
chr9:41229235-41229734,chr9,41229235,41229734,,True,High Signal Region,atlas_hit
chr14:23095636-23096135,chr14,23095636,23096135,,True,High Signal Region,atlas_hit
chr21:5128242-5128741,chr21,5128242,5128741,,True,High Signal Region,atlas_hit
chrY:11292470-11292969,chrY,11292470,11292969,,True,High Signal Region,atlas_hit
chr14:16093382-16093881,chr14,16093382,16093881,,True,High Signal Region,atlas_hit
chr2:95938318-95938817,chr2,95938318,95938817,,True,High Signal Region,atlas_hit
chr3:196015880-196016379,chr3,196015880,196016379,,True,High Signal Region,atlas_hit
chr20:29083430-29083929,chr20,29083430,29083929,,True,High Signal Region,atlas_hit
chr9:66804948-66805447,chr9,66804948,66805447,,True,High Signal Region,atlas_hit
chr2:111372003-111372502,chr2,111372003,111372502,,True,Low Mappability,atlas_hit
chr2:97231506-97232005,chr2,97231506,97232005,,True,High Signal Region,atlas_hit
chr5:176041967-176042466,chr5,176041967,176042466,,True,High Signal Region,atlas_hit
chrY:11312318-11312817,chrY,11312318,11312817,,True,High Signal Region,atlas_hit
chr12:124432997-124433496,chr12,124432997,124433496,,True,High Signal Region,atlas_hit
chr4:49710630-49711129,chr4,49710630,49711129,,True,High Signal Region,atlas_hit
chr9:63782049-63782548,chr9,63782049,63782548,,True,High Signal Region,atlas_hit
chr3:90482731-90483230,chr3,90482731,90483230,,True,High Signal Region,atlas_hit
chr15:22257408-22257907,chr15,22257408,22257907,,True,High Signal Region,atlas_hit
chr2:112432569-112433068,chr2,112432569,112433068,,True,Low Mappability,atlas_hit
chr6:44058829-44059328,chr6,44058829,44059328,,True,High Signal Region,atlas_hit
chr3:197627588-197628087,chr3,197627588,197628087,,True,High Signal Region,atlas_hit
chr3:197393104-197393603,chr3,197393104,197393603,,True,High Signal Region,atlas_hit
chr9:67726030-67726529,chr9,67726030,67726529,,True,High Signal Region,atlas_hit
chr10:41879213-41879712,chr10,41879213,41879712,,True,High Signal Region,atlas_hit
chr7:102572501-102573000,chr7,102572501,102573000,,True,High Signal Region,atlas_hit
chr14:23077894-23078393,chr14,23077894,23078393,,True,High Signal Region,atlas_hit
chr3:195989517-195990016,chr3,195989517,195990016,,True,High Signal Region,atlas_hit
chr2:88789717-88790216,chr2,88789717,88790216,,True,High Signal Region,atlas_hit
chr9:38875554-38876053,chr9,38875554,38876053,,True,High Signal Region,atlas_hit
chr5:74684937-74685436,chr5,74684937,74685436,,True,High Signal Region,atlas_hit
chrX:154873502-154874001,chrX,154873502,154874001,,True,High Signal Region,atlas_hit
chr6:44077130-44077629,chr6,44077130,44077629,,True,High Signal Region,atlas_hit
chr2:96011983-96012482,chr2,96011983,96012482,,True,High Signal Region,atlas_hit
chrX:52507490-52507989,chrX,52507490,52507989,,True,High Signal Region,atlas_hit
chr15:22235143-22235642,chr15,22235143,22235642,,True,High Signal Region,atlas_hit
chr9:41040667-41041166,chr9,41040667,41041166,,True,High Signal Region,atlas_hit
chr4:49287339-49287838,chr4,49287339,49287838,,True,High Signal Region,atlas_hit
chr20:29122738-29123237,chr20,29122738,29123237,,True,High Signal Region,atlas_hit
chr14:18962479-18962978,chr14,18962479,18962978,,True,High Signal Region,atlas_hit
chr15:74099983-74100482,chr15,74099983,74100482,,True,High Signal Region,atlas_hit
chr10:38527467-38527966,chr10,38527467,38527966,,True,High Signal Region,atlas_hit
chr9:62864952-62865451,chr9,62864952,62865451,,True,High Signal Region,atlas_hit
chr2:87076806-87077305,chr2,87076806,87077305,,True,Low Mappability,atlas_hit
chr5:181191024-181191523,chr5,181191024,181191523,,True,High Signal Region,atlas_hit
chr1:103616205-103616704,chr1,103616205,103616704,,True,High Signal Region,atlas_hit
chr9:61330628-61331127,chr9,61330628,61331127,,True,High Signal Region,atlas_hit
chr17:21969975-21970474,chr17,21969975,21970474,,True,High Signal Region,atlas_hit
chr7:102474698-102475197,chr7,102474698,102475197,,True,High Signal Region,atlas_hit
chr3:197598959-197599458,chr3,197598959,197599458,,True,High Signal Region,atlas_hit
chr5:100045155-100045654,chr5,100045155,100045654,,True,High Signal Region,atlas_hit
chrY:11306392-11306891,chrY,11306392,11306891,,True,High Signal Region,atlas_hit
chr2:111494258-111494757,chr2,111494258,111494757,,True,Low Mappability,atlas_hit
chrX:42880438-42880937,chrX,42880438,42880937,,True,High Signal Region,atlas_hit
chr3:195994303-195994802,chr3,195994303,195994802,,True,High Signal Region,atlas_hit
chr2:95939420-95939919,chr2,95939420,95939919,,True,High Signal Region,atlas_hit
chrX:102345891-102346390,chrX,102345891,102346390,,True,High Signal Region,atlas_hit
chr2:97211959-97212458,chr2,97211959,97212458,,True,High Signal Region,atlas_hit
chrX:148365235-148365734,chrX,148365235,148365734,,True,High Signal Region,atlas_hit
chr17:43251453-43251952,chr17,43251453,43251952,,True,High Signal Region,atlas_hit
chr21:43278878-43279377,chr21,43278878,43279377,,True,High Signal Region,atlas_hit
chr3:122761894-122762393,chr3,122761894,122762393,,True,High Signal Region,atlas_hit
chr8:12436227-12436726,chr8,12436227,12436726,,True,High Signal Region,atlas_hit
chr16:90102013-90102512,chr16,90102013,90102512,,True,Low Mappability,atlas_hit
chr2:111494816-111495315,chr2,111494816,111495315,,True,Low Mappability,atlas_hit
chr2:113390250-113390749,chr2,113390250,113390749,,True,High Signal Region,atlas_hit
